Series Name,Series Code,Country Name,Country Code,1969,1970,1971,1972,1973,1974,1975,1976,1977,1978,1979,1980,1981,1982,1983,1984,1985,1986,1987,1988,1989,1990,1991,1992,1993,1994,1995,1996,1997,1998,1999,2000,2001,2002,2003,2004,2005,2006,2007,2008,2009,2010,2011,2012,2013,2014,2015,2016,2017,2018
"School enrollment, primary (% net)",SE.PRM.NENR,Afghanistan,AFG,n/a,n/a,n/a,n/a,n/a,27.09341049,n/a,n/a,n/a,n/a,n/a,n/a,n/a,n/a,n/a,n/a,n/a,n/a,n/a,n/a,n/a,n/a,n/a,n/a,28.17120934,n/a,n/a,n/a,n/a,n/a,n/a,n/a,n/a,n/a,n/a,n/a,n/a,n/a,n/a,n/a,n/a,n/a,n/a,n/a,n/a,n/a,n/a,n/a,n/a,n/a
"School enrollment, primary (% net)",SE.PRM.NENR,Albania,ALB,n/a,n/a,n/a,n/a,n/a,n/a,n/a,n/a,n/a,n/a,n/a,n/a,n/a,n/a,n/a,n/a,n/a,n/a,n/a,n/a,n/a,n/a,n/a,n/a,n/a,n/a,n/a,n/a,n/a,n/a,97.2820282,95.85974884,94.32698822,n/a,92.11882782,91.31787872,n/a,n/a,n/a,87.15116119,85.7095871,86.2733078,87.18679047,90.46510315,94.00521851,95.7547226,95.19960022,95.06308746,96.50314331,n/a
"School enrollment, primary (% net)",SE.PRM.NENR,Algeria,DZA,n/a,n/a,n/a,n/a,67.49807739,71.40164948,73.81181335,75.78453827,77.35260773,78.40789032,78.50411987,79.61673737,79.87956238,79.55007935,78.88215637,79.90032959,80.24539948,81.39682007,82.70111084,83.80078888,84.86515045,85.39041138,87.11221313,88.19908905,87.7100296,87.65254211,87.88282776,87.43859863,86.91522217,n/a,88.30293274,89.17990875,91.1517334,92.1738205,92.47238159,92.95629883,93.17478943,93.23413086,95.23760223,96.3155899,97.41130829,97.20088196,97.55867767,97.27710724,n/a,n/a,97.50817108,97.55011749,97.54667664,n/a
"School enrollment, primary (% net)",SE.PRM.NENR,Angola,AGO,n/a,n/a,n/a,n/a,n/a,n/a,n/a,n/a,n/a,n/a,n/a,n/a,n/a,43.30982971,40.1814003,n/a,n/a,n/a,n/a,n/a,n/a,n/a,n/a,n/a,n/a,n/a,n/a,n/a,n/a,45.04853821,n/a,n/a,n/a,n/a,n/a,n/a,n/a,n/a,n/a,74.8936615,74.14881134,75.28183746,77.45057678,n/a,n/a,n/a,n/a,n/a,n/a,n/a
"School enrollment, primary (% net)",SE.PRM.NENR,Antigua and Barbuda,ATG,n/a,n/a,n/a,n/a,n/a,n/a,n/a,n/a,n/a,n/a,n/a,n/a,n/a,n/a,n/a,n/a,n/a,n/a,n/a,n/a,n/a,n/a,n/a,n/a,n/a,n/a,n/a,n/a,n/a,n/a,n/a,n/a,n/a,n/a,n/a,n/a,n/a,n/a,84.35920715,84.09674072,82.91790771,80.33760071,79.130867,77.29395294,n/a,76.03520203,78.57763672,n/a,79.63517761,n/a
"School enrollment, primary (% net)",SE.PRM.NENR,Argentina,ARG,n/a,94.97296906,n/a,n/a,n/a,96.61270905,96.38581848,n/a,n/a,n/a,n/a,n/a,n/a,n/a,n/a,n/a,n/a,n/a,94.54154968,n/a,n/a,n/a,96.25483704,n/a,n/a,n/a,n/a,n/a,100,99.51950836,99.28890228,99.11937714,n/a,n/a,98.99137878,98.63877869,98.81156158,98.80419922,99.06330872,99.04946136,99.02026367,98.66729736,98.84487915,98.9706192,99.02362061,99.34671021,99.39359283,98.99401093,n/a,n/a
"School enrollment, primary (% net)",SE.PRM.NENR,Armenia,ARM,n/a,n/a,n/a,n/a,n/a,n/a,n/a,n/a,n/a,n/a,n/a,n/a,n/a,n/a,n/a,n/a,n/a,n/a,n/a,n/a,n/a,n/a,n/a,n/a,n/a,n/a,n/a,n/a,n/a,n/a,n/a,n/a,n/a,84.49047852,82.67716217,n/a,81.05196381,83.44941711,87.87271118,n/a,n/a,n/a,95.153862,96.4269104,94.96201324,93.62225342,92.47296906,92.07025146,92.02934265,n/a
"School enrollment, primary (% net)",SE.PRM.NENR,Aruba,ABW,n/a,n/a,n/a,n/a,n/a,n/a,n/a,n/a,n/a,n/a,n/a,n/a,n/a,n/a,n/a,n/a,n/a,n/a,n/a,n/a,n/a,n/a,n/a,n/a,n/a,n/a,n/a,n/a,n/a,n/a,97.8287735,98.08634949,94.53929138,95.31813812,93.93070221,94.6348877,97.80506134,98.63839722,98.86144257,99.05831909,95.89151001,98.9197464,n/a,n/a,n/a,99.23471069,n/a,n/a,n/a,n/a
"School enrollment, primary (% net)",SE.PRM.NENR,Australia,AUS,n/a,n/a,96.2091217,n/a,94.82936096,94.19963837,96.94889832,97.97516632,99.97180176,99.98062897,99.97857666,99.95410919,99.80787659,98.70671844,97.72486877,95.91638947,95.95549774,96.61521912,97.14846802,97.80464172,97.90593719,97.5067215,96.92208099,96.69210815,96.28199768,95.98592377,94.56462097,94.98734283,94.59983063,94.40435028,94.11595154,94.10801697,93.89620209,93.89878845,94.59748077,94.99440765,95.45858002,95.66428375,96.43936157,96.55690002,96.69139099,96.98977661,97.65837097,97.54989624,97.39784241,97.05059052,96.99256134,96.66072083,96.67783356,n/a
"School enrollment, primary (% net)",SE.PRM.NENR,Azerbaijan,AZE,n/a,n/a,n/a,n/a,n/a,n/a,n/a,n/a,n/a,n/a,n/a,n/a,n/a,n/a,n/a,n/a,n/a,n/a,n/a,n/a,n/a,n/a,96.17141724,96.14938354,91.3200531,83.26495361,84.66301727,93.50836182,90.12693787,88.72601318,92.14109802,88.23961639,85.38303375,84.82565308,83.28453827,84.21228027,83.86862183,83.15377045,83.37480164,83.88996887,85.17391205,84.44644928,86.61260986,89.10507202,93.5072937,94.66660309,94.14264679,94.92858124,93.74749756,n/a
"School enrollment, primary (% net)",SE.PRM.NENR,"Bahamas, The",BHS,n/a,n/a,100,99.91925049,96.3718338,99.38990021,100,98.85897064,n/a,n/a,n/a,97.21917725,100,n/a,n/a,95.92394257,n/a,n/a,n/a,n/a,n/a,n/a,n/a,88.53601074,88.87670135,92.61087799,n/a,n/a,n/a,n/a,90.76177216,n/a,n/a,n/a,n/a,93.76186371,98.12016296,96.57440186,98.25937653,98.24227905,95.88002777,97.5136795,n/a,n/a,n/a,n/a,n/a,88.19669342,n/a,n/a
"School enrollment, primary (% net)",SE.PRM.NENR,Bahrain,BHR,n/a,n/a,76.33968353,79.20478821,80.26908112,81.86210632,85.28601074,82.1248703,82.11387634,80.05570984,80.69142151,82.39830017,81.99603271,80.6088028,83.25855255,86.61060333,91.05123138,96.14373016,95.51584625,98.27365875,99.06140137,n/a,99.41275787,97.00847626,98.02281952,97.93228149,99.10958099,99.85800171,99.6033783,96.96936798,96.87362671,95.77133179,93.01416779,93.09851837,92.38448334,91.59966278,89.10804749,90.50940704,n/a,n/a,n/a,n/a,90.22637177,91.18398285,92.22821808,94.25655365,96.42489624,96.26461792,97.41259766,n/a
"School enrollment, primary (% net)",SE.PRM.NENR,Bangladesh,BGD,n/a,50.84693909,n/a,n/a,70.36862183,n/a,n/a,76.24365234,71.34211731,70.6111908,n/a,n/a,67.54412842,n/a,64.37039185,62.97230911,61.14757919,60.14186096,59.1470108,69.42752838,69.39029694,72.32421112,n/a,n/a,n/a,n/a,n/a,n/a,n/a,n/a,n/a,n/a,n/a,n/a,n/a,n/a,91.71000671,92.37229156,n/a,89.52761841,90.26229095,90.50862122,n/a,n/a,n/a,n/a,n/a,n/a,90.50189209,n/a
"School enrollment, primary (% net)",SE.PRM.NENR,Barbados,BRB,n/a,n/a,86.44023132,88.05683136,88.72387695,n/a,n/a,98.82591248,98.33293152,98.23748779,98.87284088,n/a,94.6116333,94.50325012,96.31919861,n/a,n/a,n/a,n/a,n/a,99.7011795,97.60317993,n/a,89.7336731,n/a,n/a,n/a,n/a,n/a,n/a,97.12480164,95.49661255,94.59060669,91.90071869,91.59615326,90.46788788,90.24716949,92.06070709,94.78678894,96.8012085,93.79756165,95.05851746,93.57264709,n/a,n/a,91.02648926,90.92527008,90.81815338,89.17957306,n/a
"School enrollment, primary (% net)",SE.PRM.NENR,Belarus,BLR,n/a,n/a,n/a,n/a,n/a,n/a,n/a,n/a,n/a,n/a,n/a,n/a,n/a,n/a,n/a,n/a,n/a,n/a,n/a,n/a,n/a,n/a,n/a,n/a,n/a,n/a,87.58099365,n/a,n/a,n/a,n/a,n/a,95.59130096,92.53762817,93.07195282,91.5401001,89.61026001,89.71196747,89.59104156,n/a,91.5151062,91.04868317,90.7010498,93.9803009,92.91007996,93.10244751,94.34542084,96.14981842,95.70098877,n/a
"School enrollment, primary (% net)",SE.PRM.NENR,Belgium,BEL,n/a,n/a,n/a,n/a,n/a,n/a,n/a,n/a,96.29779053,n/a,97.62042999,98.15498352,97.04023743,97.12267303,93.98158264,93.29293823,92.87256622,94.30415344,95.68512726,96.89028168,n/a,n/a,96.53404999,95.09397888,97.66636658,97.04167175,97.07827759,97.53970337,n/a,n/a,98.89581299,98.89887238,98.94338226,98.67874146,97.71070862,96.10917664,95.7455368,96.05934143,96.9812088,97.56331635,97.48146057,97.25440216,97.38063049,97.69564056,97.70414734,97.64383698,98.06468201,98.29369354,n/a,n/a
"School enrollment, primary (% net)",SE.PRM.NENR,Benin,BEN,n/a,n/a,n/a,n/a,n/a,n/a,n/a,n/a,n/a,n/a,n/a,n/a,n/a,n/a,n/a,50.10470963,50.83996964,48.90028,n/a,48.44375992,48.92715836,39.50606918,n/a,49.21297836,53.21355057,54.48041153,56.89189911,59.11845016,62.47885895,n/a,n/a,n/a,n/a,n/a,83.41649628,86.69744873,81.92453003,84.66898346,n/a,90.13569641,94.23210144,94.9227829,94.80909729,95.50614929,n/a,96.36036682,n/a,n/a,97.03366089,n/a
"School enrollment, primary (% net)",SE.PRM.NENR,Bermuda,BMU,n/a,n/a,n/a,n/a,n/a,n/a,n/a,n/a,n/a,82.71958923,80.80299377,n/a,n/a,n/a,n/a,91.64930725,93.97525787,n/a,n/a,n/a,n/a,n/a,n/a,n/a,n/a,n/a,n/a,n/a,n/a,n/a,n/a,n/a,n/a,n/a,n/a,n/a,97.11044312,n/a,n/a,n/a,n/a,n/a,85.3482132,83.45787048,n/a,n/a,n/a,n/a,n/a,n/a
"School enrollment, primary (% net)",SE.PRM.NENR,Bhutan,BTN,n/a,n/a,n/a,n/a,n/a,n/a,n/a,n/a,n/a,21.80793953,24.58185959,n/a,n/a,n/a,n/a,n/a,n/a,n/a,n/a,n/a,n/a,n/a,n/a,n/a,n/a,n/a,n/a,n/a,n/a,52.98762131,53.90999985,56.69387054,59.88201904,n/a,n/a,n/a,69.62464905,73.33721161,n/a,78.67378998,83.10204315,84.94342804,85.90296173,87.49841309,84.84934998,n/a,82.7784729,80.9781189,79.86965942,n/a
"School enrollment, primary (% net)",SE.PRM.NENR,Bolivia,BOL,n/a,n/a,n/a,n/a,n/a,n/a,n/a,n/a,n/a,n/a,n/a,n/a,n/a,n/a,n/a,n/a,n/a,n/a,n/a,n/a,n/a,n/a,n/a,n/a,n/a,n/a,n/a,n/a,n/a,94.13816833,94.19190216,94.82492065,94.92250061,95.21942902,95.62268829,95.38445282,95.50144958,95.57190704,95.35559845,94.14102173,94.2776413,92.01213837,89.61360931,88.08615112,87.72815704,87.60481262,88.48278809,89.83966064,91.88524628,n/a
"School enrollment, primary (% net)",SE.PRM.NENR,Botswana,BWA,n/a,43.33459854,40.5593605,42.13240814,45.53311157,49.78664017,56.18735886,60.68954849,64.95290375,65.99488831,67.73943329,72.02095032,76.3055191,n/a,80.23368073,80.59809875,82.54953003,83.63545227,84.52101135,84.98253632,85.51602173,85.00489044,87.02613068,86.46166992,86.20854187,86.48709106,78.72177124,79.86946869,n/a,82.05297852,82.98729706,84.07710266,85.62358856,85.72341156,85.76091766,86.53627777,85.70659637,86.75821686,86.0030899,85.73587036,86.5010376,n/a,n/a,92.30000305,93.17520905,89.04660797,n/a,n/a,n/a,n/a
"School enrollment, primary (% net)",SE.PRM.NENR,Brazil,BRA,n/a,n/a,n/a,n/a,n/a,n/a,n/a,n/a,n/a,n/a,n/a,n/a,n/a,n/a,n/a,n/a,n/a,n/a,n/a,n/a,n/a,n/a,n/a,n/a,n/a,n/a,n/a,n/a,n/a,n/a,96.91400146,n/a,98.03385162,95.73049164,93.17961884,94.42333984,94.85334015,n/a,91.58905792,97.54902649,95.52764893,n/a,95.00737762,98.07550049,93.76937103,94.84088135,94.73055267,95.47144318,n/a,n/a
"School enrollment, primary (% net)",SE.PRM.NENR,Brunei Darussalam,BRN,n/a,n/a,n/a,n/a,n/a,n/a,n/a,n/a,89.63365173,89.76590729,80.04821777,79.8976593,76.09837341,74.55240631,75.87101746,76.85884857,n/a,80.10404205,n/a,n/a,n/a,n/a,89.87158203,91.67717743,94.31401062,94.4343338,98.0009613,n/a,n/a,n/a,n/a,n/a,n/a,n/a,n/a,n/a,n/a,n/a,n/a,n/a,93.24938202,n/a,n/a,92.61257935,93.67253113,92.33368683,92.26431274,93.68211365,93.79534912,n/a
"School enrollment, primary (% net)",SE.PRM.NENR,Bulgaria,BGR,n/a,n/a,n/a,n/a,n/a,n/a,n/a,n/a,n/a,n/a,n/a,n/a,n/a,n/a,n/a,n/a,n/a,n/a,n/a,n/a,n/a,n/a,n/a,n/a,n/a,n/a,n/a,93.94391632,95.0115509,95.14476013,95.6013031,95.27588654,95.54122925,93.96385193,94.29544067,95.4408493,94.13449097,95.11614227,97.7858429,98.04966736,97.7516098,97.96736908,97.98918915,96.30024719,94.93746185,94.41504669,93.16265106,91.20162964,n/a,n/a
"School enrollment, primary (% net)",SE.PRM.NENR,Burkina Faso,BFA,n/a,n/a,10.05459976,10.48779011,n/a,n/a,n/a,n/a,12.55795002,13.02682018,13.51889992,14.30844975,15.32437992,16.81410027,18.0800209,19.42905045,21.48461914,23.48546028,25.13818932,25.62196922,25.91472054,n/a,27.18227005,27.70351982,28.6870594,29.91303062,31.53515053,n/a,n/a,34.98033905,35.48973083,36.33372116,37.2634201,36.72142029,38.65198135,41.14891815,45.74760056,48.74732971,54.03414154,59.9701004,62.7928009,59.91302109,64.89105988,65.68292999,66.59076691,67.79846191,69.38976288,75.20863342,76.42372894,n/a
"School enrollment, primary (% net)",SE.PRM.NENR,Burundi,BDI,n/a,n/a,n/a,n/a,18.77486992,n/a,n/a,n/a,n/a,17.41695976,n/a,19.16239929,21.15967941,24.61072922,30.9912796,35.87574005,40.22605896,42.68577957,47.68753815,50.15948868,n/a,n/a,n/a,n/a,50.19477081,n/a,n/a,n/a,n/a,n/a,n/a,42.15449905,51.09025955,50.4270401,53.93637848,55.50794983,58.70225906,75.5383606,82.75673676,93.29073334,91.53769684,96.88816833,n/a,n/a,n/a,n/a,n/a,n/a,96.63137817,n/a
"School enrollment, primary (% net)",SE.PRM.NENR,Cabo Verde,CPV,n/a,n/a,n/a,n/a,n/a,n/a,n/a,n/a,n/a,n/a,n/a,n/a,88.93211365,87.46224213,84.39958191,90.86737823,93.67754364,94.94661713,96.10188293,99.56118774,n/a,99.19792938,n/a,n/a,n/a,99.12538147,n/a,n/a,n/a,99.79686737,n/a,99.09124756,98.34111786,97.39073944,96.71527863,94.66932678,93.82409668,92.92523193,91.31401825,89.55017853,88.23352814,87.24124908,86.32193756,86.95024109,86.64971924,86.88751984,86.90756226,86.16221619,86.20393372,n/a
"School enrollment, primary (% net)",SE.PRM.NENR,Cambodia,KHM,n/a,n/a,n/a,n/a,n/a,n/a,n/a,n/a,n/a,n/a,n/a,n/a,n/a,n/a,n/a,n/a,n/a,n/a,n/a,n/a,n/a,n/a,n/a,n/a,n/a,n/a,n/a,n/a,83.12097931,84.74607086,86.71524048,92.43148041,n/a,n/a,97.43034363,n/a,n/a,94.85521698,95.91087341,94.60073853,n/a,93.64028931,97.51879883,97.40675354,n/a,95.06861115,95.28890991,92.78160858,90.56156921,n/a
"School enrollment, primary (% net)",SE.PRM.NENR,Cameroon,CMR,n/a,n/a,64.48171234,63.41427994,61.65443039,59.53847885,66.16188812,67.69281006,66.40947723,67.76593018,68.71550751,68.95677948,n/a,n/a,n/a,n/a,n/a,n/a,n/a,74.84037781,n/a,73.97164154,72.06874084,n/a,n/a,n/a,n/a,n/a,n/a,n/a,n/a,n/a,n/a,n/a,n/a,n/a,n/a,n/a,n/a,85.15393066,87.73493195,n/a,91.09130096,91.43067169,n/a,91.73317719,n/a,95.27401733,95.20049286,n/a
"School enrollment, primary (% net)",SE.PRM.NENR,Canada,CAN,n/a,n/a,n/a,n/a,n/a,n/a,n/a,n/a,n/a,n/a,n/a,n/a,n/a,95.56710815,95.29425812,94.72662354,94.57524109,94.88964081,94.95413208,94.94940948,95.18415833,95.18572998,97.73861694,97.48632813,95.86266327,95.30892181,94.18283081,95.11089325,n/a,98.43271637,99.70514679,99.91953278,n/a,n/a,n/a,n/a,n/a,n/a,n/a,n/a,n/a,n/a,n/a,99.47058868,99.44992065,99.4045105,99.59809875,99.96224213,n/a,n/a
"School enrollment, primary (% net)",SE.PRM.NENR,Cayman Islands,CYM,n/a,n/a,n/a,n/a,n/a,n/a,n/a,n/a,n/a,n/a,n/a,n/a,n/a,n/a,n/a,n/a,n/a,n/a,n/a,n/a,n/a,n/a,n/a,n/a,n/a,n/a,n/a,n/a,n/a,n/a,n/a,n/a,n/a,n/a,n/a,n/a,n/a,n/a,n/a,n/a,n/a,n/a,n/a,n/a,n/a,n/a,n/a,n/a,n/a,n/a
"School enrollment, primary (% net)",SE.PRM.NENR,Central African Republic,CAF,n/a,n/a,49.8220787,52.32555008,54.50529099,n/a,n/a,n/a,50.64833832,50.47077179,n/a,n/a,55.24798965,56.8728714,58.52471161,n/a,n/a,61.03244019,50.62699127,48.3279686,48.3828392,57.26208115,52.95280838,n/a,n/a,n/a,n/a,n/a,n/a,n/a,n/a,n/a,n/a,n/a,n/a,n/a,47.65447998,48.08369827,56.21570969,64.93563843,65.17460632,67.33583832,65.38157654,68.07991791,n/a,n/a,n/a,n/a,n/a,n/a
"School enrollment, primary (% net)",SE.PRM.NENR,Chad,TCD,n/a,n/a,n/a,n/a,n/a,n/a,24.1805191,n/a,24.72034073,n/a,n/a,n/a,n/a,n/a,n/a,n/a,n/a,n/a,n/a,33.3839798,n/a,n/a,n/a,n/a,n/a,n/a,n/a,37.36639023,42.72370911,47.83908081,49.76168823,51.40834045,52.60778046,56.00162125,57.52651978,n/a,n/a,n/a,n/a,n/a,n/a,n/a,62.13647842,n/a,78.87818146,n/a,80.1175766,74.20575714,n/a,n/a
"School enrollment, primary (% net)",SE.PRM.NENR,Chile,CHL,n/a,n/a,n/a,n/a,n/a,n/a,n/a,n/a,n/a,n/a,n/a,n/a,n/a,n/a,n/a,n/a,n/a,n/a,n/a,n/a,n/a,n/a,n/a,n/a,n/a,n/a,n/a,n/a,n/a,n/a,n/a,n/a,n/a,n/a,n/a,n/a,n/a,n/a,95.26078796,94.90834045,92.60632324,93.26428223,92.08110809,91.47118378,90.62375641,90.79167938,91.59565735,92.90862274,94.77899933,n/a
"School enrollment, primary (% net)",SE.PRM.NENR,Colombia,COL,n/a,n/a,n/a,n/a,n/a,n/a,n/a,n/a,n/a,n/a,n/a,n/a,n/a,70.71721649,n/a,69.00231934,67.64785004,65.55861664,66.05493927,65.63757324,65.41490936,n/a,67.92733765,75.54685211,76.41100311,77.52095795,81.03540039,86.2767868,n/a,90.93123627,93.7322998,94.64318848,94.19328308,94.46556091,n/a,95.30818176,94.20818329,92.75489044,91.9642334,92.667099,93.28859711,93.56775665,94.03466034,91.4726181,90.47609711,89.83271027,90.60456848,91.20001221,91.26920319,n/a
"School enrollment, primary (% net)",SE.PRM.NENR,Comoros,COM,n/a,n/a,n/a,n/a,n/a,n/a,n/a,n/a,n/a,n/a,n/a,n/a,n/a,n/a,87.33049011,n/a,n/a,83.48227692,75.62851715,n/a,n/a,n/a,n/a,n/a,n/a,69.22219086,n/a,n/a,n/a,n/a,60.79396057,67.49472809,n/a,n/a,n/a,n/a,n/a,n/a,79.1741333,n/a,n/a,n/a,n/a,n/a,84.6255188,80.85214233,n/a,n/a,79.83747101,n/a
"School enrollment, primary (% net)",SE.PRM.NENR,"Congo, Rep.",COG,n/a,n/a,n/a,82.22534943,n/a,88.53553772,n/a,91.56787872,n/a,95.10714722,95.35368347,87.22598267,86.22138977,86.75990295,87.18044281,88.4095993,n/a,n/a,n/a,n/a,n/a,n/a,n/a,n/a,n/a,n/a,n/a,n/a,n/a,n/a,n/a,n/a,n/a,n/a,n/a,n/a,51.33324814,54.62998962,n/a,n/a,n/a,84.46897888,n/a,85.84185791,n/a,n/a,n/a,n/a,n/a,n/a
"School enrollment, primary (% net)",SE.PRM.NENR,Costa Rica,CRI,n/a,87.66596222,n/a,89.7166214,90.57478333,n/a,90.26998901,91.78967285,n/a,90.26940155,88.97730255,89.21460724,89.92526245,88.34924316,n/a,n/a,86.08490753,87.11356354,87.3423996,n/a,87.72734833,87.73358917,88.28701782,90.34648132,91.13864899,90.73327637,92.44824982,94.9134903,n/a,n/a,n/a,n/a,n/a,n/a,n/a,n/a,n/a,n/a,n/a,n/a,n/a,n/a,98.3995285,98.48628235,97.42027283,96.13213348,96.30940247,96.60977936,n/a,n/a
"School enrollment, primary (% net)",SE.PRM.NENR,Cote d'Ivoire,CIV,n/a,n/a,n/a,n/a,n/a,n/a,n/a,n/a,48.77513885,n/a,n/a,n/a,n/a,n/a,n/a,n/a,n/a,n/a,n/a,n/a,n/a,n/a,47.71636963,48.07794952,n/a,n/a,n/a,53.57624054,54.71443176,n/a,55.92591858,55.10158157,59.0526619,59.1557312,55.77922821,n/a,n/a,n/a,n/a,n/a,56.08113098,n/a,n/a,n/a,67.98126221,73.44168091,77.70365906,83.88587952,85.95877075,n/a
"School enrollment, primary (% net)",SE.PRM.NENR,Croatia,HRV,n/a,n/a,n/a,n/a,n/a,n/a,n/a,n/a,n/a,n/a,n/a,n/a,n/a,n/a,n/a,n/a,n/a,n/a,n/a,n/a,n/a,n/a,n/a,n/a,n/a,n/a,n/a,n/a,n/a,83.99954224,86.00243378,87.71650696,89.95082092,91.8123703,93.62232208,n/a,90.39510345,90.01541138,89.71418762,88.02658081,85.90157318,85.81703949,87.64469147,89.08245087,88.6450882,88.68038177,88.81066132,87.45561981,n/a,n/a
"School enrollment, primary (% net)",SE.PRM.NENR,Cuba,CUB,n/a,n/a,n/a,92.95839691,94.50691986,95.41500092,n/a,n/a,n/a,n/a,98.3480072,97.61106873,95.41705322,94.3432312,94.44789124,92.96853638,91.24102783,91.53833008,93.06735229,92.84499359,92.92427826,92.49028778,92.08705139,94.26909637,95.08570099,97.37866211,97.26618195,99.21637726,98.96481323,96.97328949,97.24835205,96.51560211,95.89347076,95.60349274,93.78768921,94.04264069,93.93241119,94.15196228,96.07491302,96.87713623,99.14624023,99.33480072,99.80296326,99.41680145,99.36351013,96.47688293,95.35910034,95.68035126,96.9276886,n/a
"School enrollment, primary (% net)",SE.PRM.NENR,Cyprus,CYP,n/a,n/a,79.73274994,78.37996674,78.2754364,77.64427948,71.21884918,68.99791718,68.07942963,68.85246277,69.5732193,68.73445129,71.21460724,67.93724823,68.09789276,68.37381744,69.16519165,73.80319214,77.85594177,79.33486176,79.45967102,78.82102966,79.15245056,77.36126709,97.62944794,96.91663361,96.21299744,96.11727905,96.28476715,n/a,95.39910126,95.31861877,94.96984863,95.94278717,96.14328003,96.11749268,99.34590912,99.21867371,99.04305267,98.70243073,98.74388885,98.96981812,98.71900177,97.91239929,97.29695129,96.91133118,97.36852264,n/a,n/a,n/a
"School enrollment, primary (% net)",SE.PRM.NENR,Denmark,DNK,n/a,n/a,n/a,n/a,n/a,n/a,n/a,n/a,n/a,n/a,n/a,n/a,95.47402954,96.29634857,98.00093842,98.96527863,98.77725983,98.68261719,98.86003113,98.97547913,97.79876709,97.68508148,98.25418091,97.43151093,96.9600296,98.68842316,98.27815247,98.14875793,n/a,98.70982361,97.9491272,97.44444275,99.82750702,99.85920715,n/a,97.74302673,95.65879822,95.97509766,96.55380249,95.95912933,95.99636078,95.8947525,97.48008728,97.9573822,98.3360672,98.0389328,98.37760162,98.69361115,n/a,n/a
"School enrollment, primary (% net)",SE.PRM.NENR,Djibouti,DJI,n/a,n/a,n/a,n/a,n/a,n/a,n/a,n/a,n/a,n/a,n/a,n/a,n/a,n/a,n/a,n/a,25.13891029,26.71035957,26.89378929,26.77046013,26.73386002,27.19718933,27.26189995,28.46113968,26.21071053,27.08583069,28.14266014,28.11271095,27.03737068,n/a,26.72907066,26.89123917,29.47871017,31.03265953,n/a,34.6940918,36.15024948,39.33961105,41.527771,46.55939865,45.68521881,n/a,53.64886856,n/a,54.13158035,56.30358887,55.59273911,52.42190933,55.0535202,57.25675964
"School enrollment, primary (% net)",SE.PRM.NENR,Dominica,DMA,n/a,n/a,n/a,n/a,n/a,n/a,98.5134964,92.89112091,92.53478241,n/a,86.82299805,85.95188904,84.34806061,87.6905365,n/a,n/a,n/a,n/a,n/a,n/a,n/a,n/a,n/a,n/a,n/a,n/a,n/a,n/a,n/a,n/a,n/a,94.84796906,94.12612152,98.70661926,93.66735077,92.13334656,90.65065765,88.47678375,89.25153351,89.67436981,92.95075989,n/a,n/a,n/a,n/a,n/a,n/a,95.63787842,n/a,n/a
"School enrollment, primary (% net)",SE.PRM.NENR,Dominican Republic,DOM,n/a,n/a,n/a,76.02281189,n/a,n/a,n/a,n/a,n/a,n/a,n/a,n/a,n/a,n/a,n/a,n/a,n/a,n/a,n/a,n/a,n/a,n/a,n/a,n/a,n/a,n/a,n/a,n/a,n/a,n/a,83.61982727,84.72003937,n/a,90.98838043,89.83361816,82.90167999,84.25702667,81.7800293,87.68849182,84.02008057,89.5438385,91.87023926,91.88699341,91.01403809,90.84501648,89.28354645,93.52992249,93.32843781,92.87433624,n/a
"School enrollment, primary (% net)",SE.PRM.NENR,Ecuador,ECU,n/a,n/a,79.75784302,n/a,80.44145203,81.42385864,80.8082428,81.27761078,84.41770172,86.30007935,89.46933746,88.07433319,n/a,n/a,n/a,n/a,n/a,n/a,n/a,n/a,n/a,n/a,n/a,n/a,n/a,92.28862762,92.6522522,93.69230652,96.07215118,94.99421692,94.75227356,95.51550293,96.958992,97.58860779,97.19928741,n/a,97.40260315,96.86723328,96.98815918,97.24019623,95.27102661,95.51647949,95.24609375,95.04888916,92.30751038,91.27307892,91.90783691,91.34874725,n/a,n/a
"School enrollment, primary (% net)",SE.PRM.NENR,"Egypt, Arab Rep.",EGY,n/a,n/a,63.73332977,64.11434174,63.93592072,n/a,n/a,n/a,n/a,65.56543732,n/a,n/a,n/a,n/a,n/a,n/a,n/a,n/a,n/a,n/a,n/a,n/a,n/a,n/a,n/a,84.9343338,n/a,n/a,85.76127625,n/a,83.92057037,84.05010223,85.42745209,86.93292999,88.98307037,91.22119904,90.24205017,90.28288269,95.34037018,n/a,95.98267365,97.1634903,93.17767334,96.87068939,n/a,95.82694244,n/a,97.45082092,97.01772308,n/a
"School enrollment, primary (% net)",SE.PRM.NENR,El Salvador,SLV,n/a,64.89080048,n/a,n/a,n/a,n/a,n/a,n/a,n/a,n/a,n/a,n/a,n/a,n/a,n/a,n/a,n/a,n/a,n/a,n/a,n/a,n/a,n/a,n/a,n/a,n/a,n/a,n/a,n/a,81.72860718,n/a,89.52246094,89.92481232,91.47042084,93.45793915,n/a,94.35987854,94.78259277,94.15676117,94.39859009,94.37127686,94.50908661,94.36459351,93.66796112,91.00662994,88.64144897,86.17272949,84.81446075,80.5642395,n/a
"School enrollment, primary (% net)",SE.PRM.NENR,Equatorial Guinea,GNQ,n/a,n/a,n/a,n/a,n/a,n/a,n/a,n/a,n/a,n/a,n/a,n/a,n/a,n/a,n/a,n/a,n/a,n/a,n/a,n/a,n/a,n/a,n/a,n/a,n/a,63.30942154,n/a,n/a,n/a,n/a,n/a,64.56147003,71.26780701,69.1988678,65.30214691,n/a,n/a,n/a,n/a,46.75576019,45.5509491,44.7818985,44.94841003,46.2433815,n/a,n/a,43.34418869,n/a,n/a,n/a
"School enrollment, primary (% net)",SE.PRM.NENR,Eritrea,ERI,n/a,n/a,n/a,n/a,n/a,n/a,n/a,n/a,n/a,n/a,n/a,n/a,n/a,n/a,n/a,n/a,n/a,n/a,n/a,n/a,n/a,n/a,n/a,21.21139908,n/a,24.26730919,25.43697929,27.15098953,27.59551048,n/a,33.13536835,38.67876053,41.01821136,46.56917953,51.64849854,54.39556122,55.91453934,54.92520142,49.63409042,45.82056046,42.36405945,39.74132156,42.36449051,44.53551102,44.07817078,44.13182068,42.43315125,n/a,37.35274887,n/a
"School enrollment, primary (% net)",SE.PRM.NENR,Estonia,EST,n/a,n/a,n/a,n/a,n/a,n/a,n/a,n/a,n/a,n/a,n/a,n/a,n/a,n/a,n/a,n/a,n/a,n/a,n/a,n/a,n/a,n/a,n/a,n/a,n/a,n/a,87.03452301,90.60951996,n/a,93.86148834,94.96768188,95.59568787,95.81607056,95.87850952,94.52594757,93.92479706,93.81156921,93.00778198,94.48087311,94.11164856,93.77423859,96.74313354,97.38175964,97.38004303,96.0305481,93.96669006,93.32991791,93.48397064,n/a,n/a
"School enrollment, primary (% net)",SE.PRM.NENR,Eswatini,SWZ,n/a,55.77222061,55.68889999,57.65311813,60.53232956,61.52886963,63.9143486,64.93308258,66.21691132,66.65093994,67.69407654,69.84242249,72.84532166,72.80732727,71.93253326,72.38143158,73.95539093,72.82447815,73.32897949,72.93338776,72.38536835,74.34575653,74.50961304,75.23016357,73.79815674,74.20501709,75.10108185,72.73284912,n/a,n/a,n/a,n/a,n/a,n/a,n/a,n/a,n/a,n/a,n/a,n/a,74.2621994,79.46993256,80.42942047,79.41207886,76.15589142,77.00978851,76.15550232,75.74790955,n/a,n/a
"School enrollment, primary (% net)",SE.PRM.NENR,Ethiopia,ETH,n/a,n/a,n/a,n/a,n/a,n/a,n/a,n/a,n/a,n/a,n/a,n/a,n/a,n/a,n/a,n/a,n/a,n/a,29.34952927,29.90526009,28.63451004,n/a,n/a,n/a,n/a,19.10539055,21.84534073,26.06624031,n/a,33.50045013,35.50891113,39.97058868,43.70611954,45.82281876,46.59170151,49.45956039,60.35562134,65.09104919,70.14224243,75.83676147,75.42307281,73.447258,77.41538239,78.73264313,n/a,85.67553711,85.43871307,n/a,n/a,n/a
"School enrollment, primary (% net)",SE.PRM.NENR,Fiji,FJI,n/a,n/a,n/a,n/a,n/a,n/a,n/a,n/a,n/a,n/a,n/a,n/a,n/a,n/a,n/a,n/a,n/a,n/a,n/a,n/a,n/a,n/a,n/a,96.65084076,n/a,97.00293732,95.49458313,93.146492,93.57111359,94.54698181,94.24913025,92.66568756,95.48680115,96.67154694,99.30016327,96.70703888,n/a,99.12621307,96.32362366,96.81128693,96.98227692,n/a,96.5532074,96.59208679,95.13571167,n/a,97.64498138,97.23774719,n/a,n/a
"School enrollment, primary (% net)",SE.PRM.NENR,Finland,FIN,n/a,n/a,n/a,81.14138031,n/a,n/a,n/a,n/a,n/a,n/a,97.03222656,n/a,n/a,n/a,n/a,n/a,n/a,n/a,n/a,n/a,n/a,n/a,n/a,n/a,98.75370789,98.63791656,98.31477356,98.36753082,98.71485138,99.41358948,99.7874527,99.70391846,99.61891937,99.26200104,98.52115631,97.57634735,97.17780304,96.66280365,97.25997162,97.71363068,97.87129211,98.21304321,98.48757172,99.02320099,99.04122162,99.35987091,99.10752106,99.05899048,n/a,n/a
"School enrollment, primary (% net)",SE.PRM.NENR,France,FRA,n/a,n/a,97.14517975,97.25758362,97.48235321,97.92701721,n/a,97.52626038,97.76273346,n/a,99.87914276,99.75208282,100,98.58943176,96.26069641,n/a,95.50009918,98.24221802,99.87468719,99.80967712,n/a,99.9613266,99.95407867,99.61551666,98.09249115,97.88314056,98.81183624,99.73184967,99.58091736,n/a,99.0692215,95.59311676,95.50102234,95.43218231,95.19436646,95.15357208,98.55515289,98.57177734,98.49684143,98.06302643,97.70588684,97.35002136,98.37008667,98.27768707,98.30236816,98.35903931,98.42106628,98.55767059,n/a,n/a
"School enrollment, primary (% net)",SE.PRM.NENR,"Gambia, The",GMB,n/a,n/a,24.06587982,23.30105972,24.27905083,24.49353981,25.43634987,26.73010063,31.02430916,33.94898987,37.51163864,42.0240097,50.66743851,54.26599884,57.48709106,59.09149933,61.67068863,61.07144928,n/a,n/a,n/a,47.7933197,n/a,45.99795914,49.30826187,n/a,n/a,59.40658951,n/a,63.39445114,73.94615173,71.4577179,72.37619781,70.23029327,73.51712799,73.95223999,70.99360657,75.09011078,73.19377899,69.08840942,n/a,66.38643646,67.84020233,69.4782486,67.24746704,69.89502716,73.05557251,74.91494751,77.59970856,78.55461121
"School enrollment, primary (% net)",SE.PRM.NENR,Georgia,GEO,n/a,n/a,n/a,n/a,n/a,n/a,n/a,n/a,n/a,n/a,n/a,n/a,n/a,n/a,n/a,n/a,n/a,n/a,n/a,n/a,n/a,n/a,n/a,n/a,n/a,n/a,82.53185272,82.41838074,83.7223587,n/a,n/a,n/a,n/a,n/a,n/a,85.83862305,84.72516632,86.67714691,93.10121918,95.31928253,94.65589905,n/a,95.91989899,97.77207184,99.38510132,99.53605652,99.46549988,99.55309296,97.93476868,n/a
"School enrollment, primary (% net)",SE.PRM.NENR,Germany,DEU,n/a,n/a,n/a,n/a,n/a,n/a,n/a,n/a,n/a,n/a,n/a,n/a,n/a,n/a,n/a,n/a,n/a,n/a,n/a,n/a,n/a,n/a,n/a,n/a,n/a,n/a,n/a,n/a,n/a,n/a,99.818573,99.33631897,99.24519348,98.93209076,98.43108368,98.6364212,98.61364746,98.39463806,98.30928802,97.67764282,97.31408691,97.57698822,97.76933289,97.93450928,98.43641663,98.61821747,98.69239044,98.82814789,n/a,n/a
"School enrollment, primary (% net)",SE.PRM.NENR,Ghana,GHA,n/a,n/a,n/a,n/a,n/a,n/a,n/a,n/a,n/a,n/a,n/a,n/a,n/a,n/a,n/a,n/a,n/a,n/a,n/a,n/a,n/a,n/a,n/a,n/a,n/a,n/a,n/a,n/a,n/a,n/a,61.38656998,64.96192932,59.56393814,62.01332855,61.44947815,n/a,65.26891327,64.21188354,69.43752289,74.51638031,73.40722656,n/a,81.61641693,80.39240265,85.84844971,87.63907623,89.53883362,86.17176819,84.58904266,83.58567047
"School enrollment, primary (% net)",SE.PRM.NENR,Greece,GRC,n/a,n/a,91.92340088,92.37954712,93.50301361,95.10630035,95.46855927,95.66242218,95.09642792,94.37647247,93.39009857,91.73181915,93.22814941,93.44519043,94.29174805,94.23016357,94.1140976,93.21212006,90.98300171,91.76216125,91.25962067,90.99487305,90.73129272,88.98564148,87.14971924,86.47749329,87.60399628,86.77989197,87.34529114,90.54357147,91.45220947,92.21264648,91.38062286,92.44656372,93.2611084,94.35437012,93.36715698,92.72167969,92.61657715,n/a,n/a,93.90589142,94.2040329,94.50994873,93.93283844,92.66657257,93.57662201,92.90618134,n/a,n/a
"School enrollment, primary (% net)",SE.PRM.NENR,Grenada,GRD,n/a,n/a,n/a,83.77375793,n/a,n/a,n/a,n/a,97.63652802,98.79682159,98.5160675,95.88134766,91.16506958,88.05738068,88.08299255,90.53988647,n/a,n/a,n/a,n/a,n/a,n/a,n/a,n/a,n/a,n/a,n/a,n/a,n/a,n/a,98.32058716,n/a,n/a,94.44033051,n/a,95.17295837,87.54621124,n/a,90.08763123,90.84182739,87.04100037,n/a,n/a,n/a,90.53720856,93.76040649,95.74861908,95.16710663,n/a,n/a
"School enrollment, primary (% net)",SE.PRM.NENR,Guatemala,GTM,n/a,45.95251083,47.1206398,47.84030151,n/a,49.11798859,50.10290909,n/a,n/a,52.31700134,52.81906128,54.64923859,57.53731918,54.64902878,58.17684174,n/a,n/a,n/a,n/a,n/a,n/a,n/a,n/a,n/a,n/a,n/a,n/a,n/a,71.03312683,n/a,79.58982849,82.35574341,82.77561951,84.78575134,n/a,89.31912994,90.80876923,92.28849792,93.29573059,93.68612671,96.29741669,95.20852661,92.72496033,89.87695313,87.41352081,85.56124878,85.21608734,84.59884644,85.59281921,n/a
"School enrollment, primary (% net)",SE.PRM.NENR,Guinea,GIN,n/a,n/a,n/a,n/a,n/a,n/a,n/a,n/a,n/a,n/a,n/a,n/a,n/a,n/a,n/a,27.93623924,30.94885063,28.57274055,26.3597908,27.28458977,27.02728081,26.02654076,27.79121017,n/a,n/a,n/a,n/a,n/a,n/a,39.20042038,41.60712814,44.61909866,48.05921936,55.36117935,58.75939178,61.76502991,63.59706879,65.52475739,67.33216858,66.82427979,68.13465881,70.02661896,73.89215088,74.29389191,75.184021,77.86782837,n/a,76.76457977,n/a,n/a
"School enrollment, primary (% net)",SE.PRM.NENR,Guinea-Bissau,GNB,n/a,n/a,n/a,n/a,n/a,n/a,n/a,n/a,n/a,n/a,n/a,n/a,43.58200073,52.25159836,n/a,49.1464386,48.59000015,n/a,39.83649063,38.39477921,n/a,n/a,n/a,n/a,n/a,n/a,n/a,n/a,n/a,n/a,n/a,47.47665024,n/a,n/a,n/a,n/a,n/a,n/a,n/a,n/a,n/a,70.89002228,n/a,n/a,n/a,n/a,n/a,n/a,n/a,n/a
"School enrollment, primary (% net)",SE.PRM.NENR,Guyana,GUY,n/a,n/a,86.85752106,88.05771637,n/a,90.5328598,n/a,86.89337921,91.75514984,n/a,88.68042755,n/a,n/a,88.87671661,n/a,n/a,n/a,n/a,n/a,n/a,n/a,n/a,91.87290955,89.67009735,88.12433624,n/a,89.96544647,88.43708038,n/a,n/a,n/a,n/a,n/a,n/a,89.41589355,n/a,n/a,n/a,n/a,93.39083099,88.64668274,91.88928986,93.46806335,91.50489807,n/a,n/a,n/a,n/a,n/a,n/a
"School enrollment, primary (% net)",SE.PRM.NENR,Haiti,HTI,n/a,n/a,n/a,n/a,n/a,n/a,n/a,n/a,n/a,n/a,n/a,35.89828873,36.95679092,42.44787979,46.7997818,43.57963181,48.7914505,51.10358047,42.43534851,n/a,n/a,n/a,n/a,n/a,n/a,n/a,n/a,n/a,57.33734894,n/a,n/a,n/a,n/a,n/a,n/a,n/a,n/a,n/a,n/a,n/a,n/a,n/a,n/a,n/a,n/a,n/a,n/a,n/a,n/a,n/a
"School enrollment, primary (% net)",SE.PRM.NENR,Honduras,HND,n/a,n/a,n/a,n/a,n/a,n/a,n/a,n/a,n/a,71.81906891,75.19116974,75.63188934,n/a,85.80621338,87.3181076,88.30706024,n/a,88.14037323,n/a,n/a,n/a,n/a,86.25241089,n/a,87.56192017,n/a,n/a,n/a,n/a,n/a,n/a,85.54644012,n/a,n/a,86.78495789,87.26235199,85.85984039,90.93257141,85.89472961,89.57926941,88.40516663,88.49372864,89.23384857,85.83287811,82.15656281,81.93357086,80.85883331,82.67694092,83.32061005,n/a
"School enrollment, primary (% net)",SE.PRM.NENR,"Hong Kong SAR, China",HKG,n/a,n/a,87.90283966,89.06851196,89.04511261,90.54965973,92.16957855,93.23226166,94.3947525,93.86940002,94.14826965,98.19130707,97.88105774,97.15483093,96.8143692,96.16809845,95.02603149,n/a,n/a,n/a,n/a,n/a,n/a,n/a,n/a,n/a,92.86287689,92.80037689,n/a,n/a,n/a,n/a,n/a,n/a,n/a,n/a,n/a,n/a,n/a,n/a,n/a,n/a,n/a,94.2350769,93.66351318,94.20458984,93.92823792,97.33392334,97.21324921,n/a
"School enrollment, primary (% net)",SE.PRM.NENR,Hungary,HUN,n/a,n/a,n/a,n/a,n/a,n/a,n/a,n/a,n/a,n/a,n/a,n/a,n/a,n/a,n/a,n/a,n/a,n/a,n/a,n/a,n/a,n/a,n/a,n/a,n/a,91.53607941,90.49693298,78.41574097,86.99358368,86.76702881,87.13809204,87.81395721,88.59243774,89.14424133,88.61972046,88.66809082,89.35964966,90.60170746,89.71514893,91.17376709,91.91018677,92.04949951,91.4486084,90.76512146,90.74842834,91.05277252,91.21688843,91.39128113,n/a,n/a
"School enrollment, primary (% net)",SE.PRM.NENR,Iceland,ISL,n/a,n/a,n/a,n/a,n/a,n/a,n/a,n/a,99.12989807,n/a,n/a,n/a,n/a,n/a,n/a,n/a,n/a,n/a,n/a,n/a,n/a,n/a,n/a,n/a,n/a,97.33664703,n/a,97.9897995,98.47849274,99.41332245,98.79554749,98.82720947,99.14984894,99.2020874,98.20419312,96.55570221,96.76545715,97.22026825,98.03954315,99.1548996,99.60574341,99.21746063,98.7208786,98.16832733,98.05249023,98.12776947,98.56707764,99.45436859,n/a,n/a
"School enrollment, primary (% net)",SE.PRM.NENR,India,IND,n/a,n/a,61.35797119,n/a,n/a,n/a,n/a,n/a,n/a,n/a,n/a,n/a,n/a,n/a,n/a,n/a,n/a,n/a,n/a,n/a,n/a,77.50028992,n/a,n/a,n/a,n/a,n/a,n/a,n/a,n/a,n/a,79.80341339,79.65550232,79.25736237,83.82756805,n/a,n/a,n/a,91.30478668,91.02262878,90.76931763,91.03694916,90.4213562,91.58106232,92.25010681,n/a,n/a,n/a,n/a,n/a
"School enrollment, primary (% net)",SE.PRM.NENR,Indonesia,IDN,n/a,n/a,70.0650177,71.20590973,n/a,70.92073822,73.35959625,76.27583313,78.67176819,85.45485687,n/a,n/a,90.134758,96.03302765,97.42359161,97.71103668,97.82836151,97.22151184,98.09861755,97.77249146,97.92666626,96.28034973,95.37333679,94.51795197,93.31394958,93.84172821,93.6578064,92.55697632,92.50361633,n/a,n/a,n/a,91.95549011,91.29753113,90.58094025,89.65634918,88.83374786,91.67532349,93.76158142,93.35900879,94.31285095,95.00272369,94.4390564,92.89930725,89.9719162,88.8674469,n/a,90.87973785,91.91314697,n/a
"School enrollment, primary (% net)",SE.PRM.NENR,"Iran, Islamic Rep.",IRN,n/a,n/a,59.34246063,n/a,n/a,n/a,n/a,n/a,n/a,n/a,n/a,n/a,n/a,n/a,n/a,83.14727783,83.28948975,84.24297333,84.67960358,85.66719818,86.24268341,92.51422882,n/a,96.29750824,n/a,n/a,n/a,n/a,93.17469788,n/a,85.50852966,84.84172058,n/a,93.40144348,92.80413818,95.83660889,95.6227417,98.79120636,98.8817215,n/a,99.48120117,99.58911896,99.73734283,99.55922699,98.47135162,99.44278717,99.3368988,99.06301117,98.59657288,n/a
"School enrollment, primary (% net)",SE.PRM.NENR,Iraq,IRQ,n/a,n/a,57.12094879,59.6735611,62.27991867,64.72374725,64.52010345,72.53121948,73.82865906,75.45046234,89.96188354,93.50907898,92.72885132,n/a,88.39759827,n/a,87.42022705,88.10079193,89.84803772,90.8894577,89.72585297,n/a,n/a,n/a,78.04315948,n/a,n/a,75.7048111,n/a,n/a,89.65531158,88.55310822,n/a,n/a,94.2593689,92.99398804,n/a,n/a,92.32209015,n/a,n/a,n/a,n/a,n/a,n/a,n/a,n/a,n/a,n/a,n/a
"School enrollment, primary (% net)",SE.PRM.NENR,Ireland,IRL,n/a,n/a,94.74488831,93.49562073,93.68270874,93.02390289,93.68734741,94.93891907,95.85932159,96.09635925,95.05827332,93.1155777,90.39955902,87.8060379,85.94023895,n/a,n/a,84.72162628,85.53491211,86.63237,87.28462219,87.81826782,87.40557098,86.65048981,86.39910126,86.51320648,86.79376221,87.53128052,n/a,94.3142395,94.63387299,94.79351807,94.63713074,94.8083725,94.88880157,94.91075134,94.81635284,95.19238281,95.33287811,95.40735626,95.46813202,95.20748138,97.52723694,95.3303299,95.20890045,95.35688019,95.75035095,95.87164307,n/a,n/a
"School enrollment, primary (% net)",SE.PRM.NENR,Israel,ISR,n/a,n/a,n/a,n/a,n/a,n/a,n/a,n/a,n/a,n/a,n/a,n/a,n/a,n/a,n/a,n/a,n/a,n/a,n/a,n/a,n/a,n/a,n/a,n/a,n/a,n/a,n/a,n/a,n/a,n/a,97.5044632,97.77922058,98.24149323,97.89746094,98.0177536,97.59597015,97.47847748,97.00821686,97.24192047,97.20690155,96.9071579,97.04277039,96.69391632,97.30084229,96.88256836,96.71425629,97.20365143,96.73567963,97.02220154,n/a
"School enrollment, primary (% net)",SE.PRM.NENR,Italy,ITA,n/a,n/a,n/a,n/a,99.49185944,n/a,n/a,98.26219177,n/a,n/a,99.41300201,n/a,n/a,n/a,n/a,n/a,98.94319153,n/a,n/a,n/a,n/a,n/a,n/a,n/a,n/a,n/a,97.01805115,98.10855103,98.83480835,n/a,98.8600769,98.54081726,98.76257324,98.73127747,98.59990692,98.5930481,98.54058075,98.52152252,98.48944092,98.24301147,97.59384155,97.59425354,97.12024689,97.2756424,97.6354599,97.55901337,97.33161926,96.90515137,n/a,n/a
"School enrollment, primary (% net)",SE.PRM.NENR,Jamaica,JAM,n/a,n/a,n/a,n/a,n/a,n/a,95.14611816,92.50193024,92.97688293,n/a,96.49373627,96.51013947,96.41053009,n/a,97.45704651,96.25193024,95.50327301,95.71073914,97.76120758,94.63645935,98.0981369,97.36463165,95.73068237,n/a,92.66664886,n/a,n/a,n/a,n/a,n/a,90.09082794,91.57528687,91.39922333,91.07537079,89.78543091,91.53881073,n/a,n/a,n/a,n/a,n/a,n/a,n/a,n/a,n/a,n/a,n/a,n/a,n/a,n/a
"School enrollment, primary (% net)",SE.PRM.NENR,Japan,JPN,n/a,n/a,99.31645203,98.85115814,98.32118225,96.69844818,97.77554321,98.72749329,99.16764832,98.73497772,98.96955872,99.93884277,99.54295349,98.57537079,98.24552917,98.44864655,99.36284637,99.87552643,99.86903381,99.85581207,99.84571838,99.81221008,99.29792023,98.9510498,n/a,99.51509857,99.75920868,n/a,n/a,n/a,n/a,n/a,n/a,n/a,n/a,n/a,n/a,n/a,n/a,n/a,n/a,n/a,n/a,n/a,98.63699341,98.2851181,98.79994202,98.23516083,n/a,n/a
"School enrollment, primary (% net)",SE.PRM.NENR,Jordan,JOR,n/a,n/a,n/a,86.93260193,92.43608093,94.64494324,95.0265274,95.67762756,96.54193878,97.50852966,97.08174896,91.82550812,89.69133759,89.41368866,86.75894928,86.52346039,87.32791901,n/a,n/a,n/a,n/a,n/a,n/a,n/a,n/a,n/a,n/a,n/a,n/a,n/a,87.61128998,88.58708954,n/a,91.07318878,92.42062378,92.35215759,n/a,n/a,n/a,n/a,n/a,n/a,n/a,n/a,n/a,n/a,n/a,n/a,n/a,n/a
"School enrollment, primary (% net)",SE.PRM.NENR,Kazakhstan,KAZ,n/a,n/a,n/a,n/a,n/a,n/a,n/a,n/a,n/a,n/a,n/a,n/a,n/a,n/a,n/a,n/a,n/a,n/a,n/a,n/a,n/a,n/a,n/a,n/a,n/a,n/a,n/a,n/a,n/a,n/a,n/a,85.96724701,88.60025024,90.42436218,91.29438019,92.02275085,90.67919922,89.12796783,88.83818054,90.19010162,89.47242737,89.44827271,87.95224762,86.31575775,86.14688873,86.51714325,86.30988312,87.36682129,86.24478912,87.58618927
"School enrollment, primary (% net)",SE.PRM.NENR,Kenya,KEN,n/a,n/a,n/a,n/a,n/a,n/a,n/a,n/a,n/a,n/a,n/a,n/a,n/a,n/a,n/a,n/a,n/a,n/a,n/a,n/a,n/a,n/a,n/a,n/a,n/a,n/a,n/a,n/a,n/a,n/a,62.06988144,64.86636353,66.01899719,60.67284012,72.02317047,70.37995148,71.06105042,70.20845032,80.30696106,76.48700714,77.72186279,n/a,n/a,81.82745361,n/a,n/a,n/a,n/a,n/a,n/a
"School enrollment, primary (% net)",SE.PRM.NENR,Kiribati,KIR,n/a,n/a,n/a,n/a,n/a,n/a,n/a,n/a,n/a,n/a,98.69850922,n/a,99.71862793,n/a,99.35027313,99.43968964,98.84239197,97.47470093,94.44346619,n/a,98.45385742,n/a,99.75859833,99.91029358,98.86724091,99.0111084,98.30203247,98.28681946,99.13285065,n/a,n/a,n/a,n/a,n/a,n/a,n/a,n/a,n/a,n/a,n/a,n/a,n/a,n/a,n/a,n/a,96.44638062,95.20049286,97.37129974,95.14312744,n/a
"School enrollment, primary (% net)",SE.PRM.NENR,"Korea, Dem. Peopleâ€™s Rep.",PRK,n/a,n/a,n/a,n/a,n/a,n/a,n/a,n/a,n/a,n/a,n/a,n/a,n/a,n/a,n/a,n/a,n/a,n/a,n/a,n/a,n/a,n/a,n/a,n/a,n/a,n/a,n/a,n/a,n/a,n/a,n/a,n/a,n/a,n/a,n/a,n/a,n/a,n/a,n/a,n/a,94.0666275,n/a,n/a,n/a,n/a,n/a,n/a,n/a,n/a,n/a
"School enrollment, primary (% net)",SE.PRM.NENR,"Korea, Rep.",KOR,n/a,n/a,95.91020203,97.52471924,96.77613068,96.40393066,96.73770905,97.63961792,96.73171234,97.06787872,98.70326996,99.947052,99.93000793,99.79376221,99.74022675,99.14716339,98.59709167,98.30908966,99.51230621,99.88575745,99.88526917,99.7804184,99.74355316,99.58178711,99.35114288,99.00285339,98.50498199,98.22801208,98.28505707,97.70111847,98.48139954,99.0296936,98.08734894,97.70156097,98.49617004,98.16428375,99.39398956,99.41470337,99.47724915,99.49994659,99.4331665,98.39881897,98.78101349,97.20420074,94.35572052,94.58834839,96.79792786,96.14202118,n/a,n/a
"School enrollment, primary (% net)",SE.PRM.NENR,Kuwait,KWT,n/a,n/a,60.95132828,63.67253876,67.06345367,68.30950165,69.58437347,71.02832794,75.73667145,84.62702942,82.93863678,81.37093353,82.26924133,83.23052979,85.77062988,87.14536285,88.77571106,88.590271,83.37709045,81.84149933,n/a,n/a,n/a,46.98649979,n/a,67.87882996,n/a,88.97302246,88.50980377,88.57939148,87.95691681,85.10620117,84.69010925,88.68469238,87.50724792,88.26524353,92.36492157,n/a,91.66520691,92.6568222,n/a,92.56997681,92.73770142,92.2348175,91.53733063,91.62757111,91.75720978,90.70001984,87.30606079,n/a
"School enrollment, primary (% net)",SE.PRM.NENR,Kyrgyz Republic,KGZ,n/a,n/a,n/a,n/a,n/a,n/a,n/a,n/a,n/a,n/a,n/a,n/a,n/a,n/a,n/a,n/a,n/a,n/a,n/a,n/a,n/a,n/a,n/a,n/a,n/a,n/a,n/a,92.24362946,n/a,n/a,87.0867691,86.23854828,86.71060944,86.56820679,85.67910004,90.17725372,87.73706055,88.88844299,87.533638,87.34364319,86.75694275,87.28421783,87.31468201,90.55490875,90.44267273,89.79180908,89.45491028,89.35730743,89.90422821,n/a
"School enrollment, primary (% net)",SE.PRM.NENR,Lao PDR,LAO,n/a,n/a,n/a,n/a,n/a,n/a,n/a,n/a,n/a,n/a,n/a,n/a,n/a,n/a,n/a,n/a,n/a,n/a,n/a,64.94545746,n/a,64.66610718,n/a,57.90954971,62.71339035,66.42977905,n/a,68.37148285,70.86637878,74.15785217,74.78424835,75.64808655,75.13011169,76.30078125,78.91886139,79.64080811,80.96936035,82.56565857,85.23889923,87.7299118,90.09835815,94.76051331,94.71282959,94.74432373,96.76776886,97.19212341,95.6065979,94.72013855,93.34073639,n/a
"School enrollment, primary (% net)",SE.PRM.NENR,Latvia,LVA,n/a,n/a,n/a,n/a,n/a,n/a,n/a,n/a,n/a,n/a,n/a,n/a,n/a,n/a,n/a,n/a,n/a,n/a,n/a,n/a,n/a,n/a,n/a,n/a,n/a,n/a,n/a,n/a,n/a,n/a,93.95755005,n/a,n/a,n/a,n/a,n/a,n/a,n/a,n/a,96.06031799,96.75486755,97.18448639,97.30310822,96.50816345,96.11791229,95.80158234,95.83711243,96.00428772,96.30354309,n/a
"School enrollment, primary (% net)",SE.PRM.NENR,Lebanon,LBN,n/a,n/a,n/a,n/a,n/a,97.86164093,n/a,n/a,n/a,n/a,n/a,n/a,n/a,n/a,n/a,n/a,n/a,n/a,n/a,n/a,n/a,n/a,n/a,n/a,n/a,n/a,n/a,n/a,84.19538879,97.30084991,n/a,n/a,n/a,96.81817627,95.84571838,93.74919891,89.80725861,87.71518707,88.87651062,89.64421082,90.84986877,91.78131104,91.26062012,87.85310364,86.72770691,82.23854828,81.90277863,82.19506836,86.3034668,n/a
"School enrollment, primary (% net)",SE.PRM.NENR,Lesotho,LSO,n/a,60.02745819,56.08750153,56.72404099,57.13671112,65.06255341,n/a,66.06996155,67.0690918,60.70288086,61.99940109,62.40795898,62.68442917,66.82330322,66.26687622,67.19351959,69.59179688,69.97180176,71.79447174,73.1461792,72.50148773,71.32391357,72.84870148,73.12171173,70.70269775,71.82646942,70.7037735,70.90907288,n/a,62.82569885,58.97518158,79.65190125,79.8225708,80.12734222,80.34133911,77.95458221,77.18746185,77.45909119,75.06020355,76.02411652,76.6162262,78.46212769,79.92433929,81.19184113,79.06793976,79.67008972,79.57913208,79.96019745,80.89926147,n/a
"School enrollment, primary (% net)",SE.PRM.NENR,Liberia,LBR,n/a,n/a,n/a,n/a,n/a,n/a,n/a,n/a,n/a,n/a,n/a,n/a,n/a,n/a,n/a,n/a,n/a,n/a,n/a,n/a,n/a,n/a,n/a,n/a,n/a,n/a,n/a,n/a,n/a,n/a,46.76266861,n/a,n/a,n/a,n/a,n/a,n/a,35.18650818,n/a,42.73574066,40.00862122,n/a,40.72251129,n/a,n/a,37.77333069,37.6832695,36.75458908,n/a,n/a
"School enrollment, primary (% net)",SE.PRM.NENR,Libya,LBY,n/a,n/a,78.53003693,86.42804718,91.07185364,93.3407135,93.85791016,95.39720154,95.92913818,93.31368256,n/a,96.87381744,96.76455688,n/a,98.05977631,n/a,n/a,n/a,n/a,n/a,n/a,n/a,n/a,n/a,n/a,n/a,n/a,n/a,n/a,n/a,n/a,n/a,n/a,n/a,n/a,n/a,n/a,n/a,n/a,n/a,n/a,n/a,n/a,n/a,n/a,n/a,n/a,n/a,n/a,n/a
"School enrollment, primary (% net)",SE.PRM.NENR,Liechtenstein,LIE,n/a,n/a,n/a,n/a,n/a,n/a,n/a,n/a,n/a,n/a,n/a,n/a,n/a,n/a,n/a,n/a,n/a,n/a,n/a,n/a,n/a,n/a,n/a,n/a,n/a,n/a,n/a,n/a,n/a,n/a,n/a,n/a,n/a,n/a,94.4807663,95.62220001,n/a,95.07176971,95.17900085,93.49633026,91.85694885,93.53900909,91.97499084,91.08547211,n/a,90.6865387,94.30104065,92.12039948,n/a,n/a
"School enrollment, primary (% net)",SE.PRM.NENR,Lithuania,LTU,n/a,n/a,n/a,n/a,n/a,n/a,n/a,n/a,n/a,n/a,n/a,n/a,n/a,n/a,n/a,n/a,n/a,n/a,n/a,n/a,n/a,n/a,n/a,n/a,n/a,n/a,n/a,n/a,n/a,94.99500275,93.60428619,95.59407806,95.67250061,95.36319733,95.39212036,95.28820038,95.66210175,96.12148285,95.75565338,95.10085297,95.73236847,96.32562256,96.76184082,97.34555054,97.93533325,98.15361786,98.1696167,98.28578949,n/a,n/a
"School enrollment, primary (% net)",SE.PRM.NENR,Luxembourg,LUX,n/a,n/a,n/a,91.13996887,89.97293091,92.19332886,91.25173187,90.88845062,90.30082703,89.93415833,n/a,n/a,78.88961029,84.37641144,83.11006165,81.72669983,n/a,81.77755737,78.59311676,84.90042114,n/a,n/a,n/a,n/a,n/a,n/a,n/a,n/a,n/a,n/a,96.15628052,95.83487701,95.97567749,96.10443115,94.91876221,95.62663269,96.25161743,96.52911377,96.63250732,95.83474731,n/a,92.7844162,92.06645966,92.84422302,92.45220947,92.95111084,94.58264923,95.53540039,n/a,n/a
"School enrollment, primary (% net)",SE.PRM.NENR,"Macao SAR, China",MAC,n/a,n/a,n/a,n/a,n/a,n/a,n/a,n/a,n/a,n/a,n/a,n/a,n/a,n/a,n/a,n/a,n/a,n/a,n/a,n/a,n/a,90.09345245,n/a,85.33512115,n/a,n/a,n/a,n/a,n/a,n/a,87.17668152,86.31526184,83.99469757,84.65959167,84.69790649,85.13613129,85.29263306,84.96672821,86.02577972,86.0424118,84.71788025,84.42285156,85.79682922,87.37407684,89.52262878,93.99382019,97.84294891,98.67832184,99.0091095,n/a
"School enrollment, primary (% net)",SE.PRM.NENR,Madagascar,MDG,n/a,n/a,n/a,67.12426758,n/a,n/a,n/a,n/a,n/a,n/a,n/a,n/a,n/a,n/a,n/a,n/a,n/a,n/a,n/a,n/a,65.70633698,64.25489044,n/a,n/a,n/a,n/a,54.71094894,56.91976166,n/a,n/a,64.61753845,66.15564728,67.28990173,68.00256348,77.72212219,n/a,n/a,n/a,n/a,n/a,n/a,n/a,n/a,n/a,n/a,n/a,n/a,n/a,n/a,n/a
"School enrollment, primary (% net)",SE.PRM.NENR,Malawi,MWI,n/a,n/a,n/a,n/a,n/a,n/a,n/a,n/a,n/a,n/a,n/a,n/a,n/a,n/a,n/a,n/a,n/a,n/a,n/a,n/a,n/a,n/a,n/a,n/a,n/a,n/a,n/a,n/a,n/a,n/a,95.00965118,n/a,n/a,98.08695221,n/a,96.51657867,96.04907227,94.52935028,90.18768311,96.3733902,96.2545166,n/a,n/a,n/a,n/a,n/a,n/a,n/a,n/a,n/a
"School enrollment, primary (% net)",SE.PRM.NENR,Malaysia,MYS,n/a,87.02288818,86.73964691,87.76293945,n/a,n/a,n/a,n/a,n/a,n/a,n/a,n/a,n/a,n/a,n/a,n/a,n/a,n/a,n/a,n/a,n/a,n/a,n/a,n/a,n/a,97.22312927,n/a,n/a,n/a,95.73882294,95.57501221,98.37438965,97.77056885,96.53199768,97.02729034,99.3323288,99.61399841,95.57688141,95.43715668,95.52210236,96.38182068,96.70287323,97.73578644,99.29795837,99.91030121,99.62731171,99.53636932,98.91333008,98.60314178,n/a
"School enrollment, primary (% net)",SE.PRM.NENR,Maldives,MDV,n/a,n/a,n/a,n/a,n/a,n/a,n/a,n/a,n/a,n/a,n/a,n/a,n/a,n/a,n/a,n/a,n/a,n/a,n/a,n/a,n/a,n/a,n/a,n/a,n/a,n/a,n/a,n/a,93.58251953,n/a,95.53634644,96.71217346,97.05693054,97.61183167,n/a,98.58030701,97.74384308,97.23960114,96.73142242,95.66845703,95.84686279,n/a,n/a,n/a,n/a,n/a,96.34519958,98.21212006,99.4987793,n/a
"School enrollment, primary (% net)",SE.PRM.NENR,Mali,MLI,n/a,n/a,17.01479912,17.6978302,18.06893921,20.5424099,n/a,n/a,20.6718502,n/a,n/a,n/a,n/a,n/a,n/a,n/a,n/a,n/a,n/a,n/a,n/a,n/a,n/a,n/a,n/a,n/a,n/a,n/a,n/a,n/a,43.96487045,n/a,n/a,51.49721146,51.47005081,51.48701096,56.52608109,57.84794998,59.99845886,n/a,63.58621979,64.19207001,64.78903198,62.76459122,58.56024933,59.2167511,55.57580948,56.91350937,61.20682907,n/a
"School enrollment, primary (% net)",SE.PRM.NENR,Malta,MLT,n/a,n/a,81.53518677,80.44111633,78.8371582,79.59938049,82.34728241,87.64227295,92.76934052,96.34824371,97.32407379,94.95812225,93.21627045,93.0772934,91.31871033,92.23697662,95.3008728,94.7065506,93.50169373,93.52232361,94.48828125,95.62017059,96.1754837,96.37625885,96.80467224,95.65293884,96.64849091,98.36965179,99.16957855,n/a,n/a,n/a,n/a,n/a,n/a,n/a,n/a,n/a,n/a,n/a,n/a,n/a,98.21083069,98.00569916,99.39481354,98.78807831,98.44650269,97.56980133,n/a,n/a
"School enrollment, primary (% net)",SE.PRM.NENR,Marshall Islands,MHL,n/a,n/a,n/a,n/a,n/a,n/a,n/a,n/a,n/a,n/a,n/a,n/a,n/a,n/a,n/a,n/a,n/a,n/a,n/a,n/a,n/a,n/a,n/a,n/a,n/a,n/a,n/a,n/a,n/a,n/a,n/a,n/a,n/a,95.73590088,n/a,n/a,n/a,n/a,n/a,n/a,n/a,n/a,99.70819855,n/a,n/a,n/a,77.33045959,77.08309937,n/a,n/a
"School enrollment, primary (% net)",SE.PRM.NENR,Mauritania,MRT,n/a,n/a,n/a,n/a,n/a,n/a,n/a,n/a,n/a,n/a,n/a,n/a,n/a,n/a,n/a,n/a,31.73904037,n/a,n/a,n/a,n/a,n/a,n/a,n/a,n/a,46.86209106,53.18013,56.45148087,n/a,59.86447144,59.2543602,59.42441177,62.76134872,61.87722015,64.83934021,71.72305298,70.19690704,72.71753693,73.4329071,70.14920044,69.5495224,69.86096191,69.92843628,68.73927307,72.07185364,73.82022095,n/a,70.87069702,75.73459625,n/a
"School enrollment, primary (% net)",SE.PRM.NENR,Mauritius,MUS,n/a,n/a,n/a,77.95204163,78.4882431,79.07801819,80.05567932,80.11239624,83.59573364,81.30390167,78.6053009,79.26056671,82.57424927,88.51138306,91.63172913,94.8168869,99.90821838,98.41281128,99.64916992,99.45494843,99.32785034,97.1772995,92.62251282,n/a,92.76293945,93.73892975,94.68318176,96.98175049,97.90364075,95.79898834,92.75756073,93.22731018,92.75218964,94.33415222,93.72392273,94.39045715,96.02008057,96.03756714,96.51416016,96.67807007,96.58661652,96.50868988,96.47936249,93.66230011,96.03009033,96.16468811,96.13651276,94.94084167,95.80750275,n/a
"School enrollment, primary (% net)",SE.PRM.NENR,Mexico,MEX,n/a,n/a,79.47177887,n/a,n/a,n/a,n/a,n/a,88.09314728,n/a,n/a,n/a,n/a,n/a,n/a,n/a,94.2556076,96.02684784,96.86495209,96.81546021,94.97458649,96.98306274,96.71720123,97.10957336,96.99104309,96.57740021,96.42215729,96.16098022,95.74310303,95.94580841,96.70883942,97.19716644,97.5497818,97.30155945,97.39897156,96.9450531,95.93697357,95.0273819,94.91156006,94.91364288,95.4524231,96.23179626,97.03151703,97.32731628,96.92790222,96.20532227,95.63588715,95.47094727,95.25063324,n/a
"School enrollment, primary (% net)",SE.PRM.NENR,"Micronesia, Fed. Sts.",FSM,n/a,n/a,n/a,n/a,n/a,n/a,n/a,n/a,n/a,n/a,n/a,n/a,n/a,n/a,n/a,n/a,n/a,n/a,n/a,n/a,n/a,n/a,n/a,n/a,n/a,n/a,n/a,n/a,n/a,n/a,n/a,n/a,n/a,n/a,n/a,n/a,n/a,n/a,n/a,n/a,n/a,n/a,n/a,n/a,n/a,82.99555969,84.00917053,n/a,n/a,n/a
"School enrollment, primary (% net)",SE.PRM.NENR,Moldova,MDA,n/a,n/a,n/a,n/a,n/a,n/a,n/a,n/a,n/a,n/a,n/a,n/a,n/a,n/a,n/a,n/a,n/a,n/a,n/a,n/a,n/a,n/a,n/a,n/a,n/a,n/a,n/a,n/a,n/a,n/a,n/a,89.10810089,92.52590942,91.36379242,92.66272736,92.37393951,90.98954773,87.78560638,87.57080078,87.71829224,87.51560974,87.59101105,87.81111145,87.92875671,87.85463715,87.14634705,86.8547821,86.8825531,86.50643158,n/a
"School enrollment, primary (% net)",SE.PRM.NENR,Mongolia,MNG,n/a,n/a,n/a,n/a,n/a,n/a,n/a,n/a,n/a,n/a,n/a,96.4837265,n/a,n/a,93.7348175,n/a,n/a,n/a,94.44538116,n/a,n/a,n/a,n/a,n/a,n/a,n/a,81.08129883,84.63172913,85.10743713,86.62870026,88.13758087,89.99968719,91.19419098,89.55065155,82.55805206,87.43354034,87.91426086,91.66928864,89.00144196,87.72566223,95.4535675,97.29678345,97.82788086,97.23592377,94.82871246,95.12300873,96.85283661,97.82016754,97.87676239,n/a
"School enrollment, primary (% net)",SE.PRM.NENR,Montenegro,MNE,n/a,n/a,n/a,n/a,n/a,n/a,n/a,n/a,n/a,n/a,n/a,n/a,n/a,n/a,n/a,n/a,n/a,n/a,n/a,n/a,n/a,n/a,n/a,n/a,n/a,n/a,n/a,n/a,n/a,n/a,n/a,n/a,n/a,n/a,97.34278107,n/a,97.91654968,98.46237183,96.17636108,96.02648926,n/a,n/a,91.60794067,96.28003693,n/a,n/a,94.04100037,93.68344116,95.83618927,n/a
"School enrollment, primary (% net)",SE.PRM.NENR,Morocco,MAR,n/a,n/a,36.86272812,37.95785141,38.31174088,n/a,41.21118927,44.13927841,47.72370148,50.98398972,53.42306137,56.07791901,58.76488876,59.1019516,61.44224167,63.94137955,62.63843155,60.87289047,58.85863113,57.14664078,55.04681015,55.8862915,55.53347015,56.03091812,58.14929962,60.74483871,63.52225876,65.78475952,67.31716919,66.53842163,71.3406601,76.1608963,80.10160065,84.31403351,85.65328217,85.57879639,86.63584137,87.91581726,89.2128067,89.78472137,89.45800781,92.1662674,93.03096771,92.25569153,92.94287109,93.02250671,n/a,94.49710846,96.80065155,n/a
"School enrollment, primary (% net)",SE.PRM.NENR,Mozambique,MOZ,n/a,n/a,n/a,n/a,33.64051819,n/a,n/a,n/a,n/a,n/a,37.0838089,n/a,34.7843895,34.46390915,47.91812897,n/a,50.68946075,49.89268875,46.52782059,42.82141876,43.30617142,45.09455109,43.44279861,41.74547958,40.69557953,41.8064003,44.06954956,n/a,n/a,48.55244827,52.03105164,55.57826996,59.83332825,55.37966156,n/a,68.05014038,73.03276062,76.82546234,81.79428864,85.24456024,86.43547058,87.90621185,85.8116684,86.13746643,87.23139191,88.13197327,89.56629944,88.60740662,87.53714752,n/a
"School enrollment, primary (% net)",SE.PRM.NENR,Myanmar,MMR,n/a,n/a,63.70220184,n/a,71.40209961,61.70576859,n/a,n/a,n/a,67.18929291,n/a,n/a,n/a,n/a,n/a,n/a,n/a,n/a,n/a,n/a,n/a,n/a,n/a,n/a,n/a,n/a,n/a,n/a,n/a,n/a,n/a,92.19251251,93.46177673,91.34577179,93.25887299,91.79003143,91.50383759,91.17484283,91.27340698,91.69759369,90.14372253,89.57559967,n/a,n/a,n/a,96.21138763,n/a,n/a,97.71219635,n/a
"School enrollment, primary (% net)",SE.PRM.NENR,Namibia,NAM,n/a,n/a,n/a,n/a,n/a,n/a,n/a,n/a,n/a,n/a,n/a,n/a,n/a,n/a,n/a,n/a,n/a,n/a,n/a,n/a,79.11575317,79.32817078,n/a,82.77250671,n/a,85.04026794,85.71562958,84.92825317,85.80821991,86.465271,86.53291321,87.56433868,87.95852661,89.22653961,88.99658966,86.55921936,86.78058624,85.3963089,86.67962646,86.00688171,85.87856293,85.63304901,n/a,87.60613251,89.65232086,n/a,n/a,n/a,97.02681732,n/a
"School enrollment, primary (% net)",SE.PRM.NENR,Nauru,NRU,n/a,n/a,n/a,n/a,n/a,n/a,n/a,n/a,n/a,n/a,n/a,n/a,n/a,n/a,n/a,n/a,n/a,n/a,n/a,n/a,n/a,n/a,n/a,n/a,n/a,n/a,n/a,n/a,n/a,n/a,n/a,n/a,n/a,n/a,n/a,n/a,n/a,n/a,n/a,n/a,n/a,n/a,n/a,76.72035217,n/a,87.06433868,n/a,84.1918335,n/a,n/a
"School enrollment, primary (% net)",SE.PRM.NENR,Nepal,NPL,n/a,n/a,n/a,n/a,n/a,n/a,n/a,n/a,n/a,n/a,n/a,n/a,n/a,n/a,59.40668869,60.61458969,n/a,n/a,n/a,66.62783813,n/a,n/a,n/a,n/a,n/a,n/a,n/a,n/a,n/a,n/a,66.39276886,72.68057251,n/a,n/a,80.4559021,81.14700317,n/a,n/a,n/a,n/a,n/a,n/a,98.25801086,99.38890839,n/a,94.13047791,96.53446198,96.62294769,94.69564056,n/a
"School enrollment, primary (% net)",SE.PRM.NENR,Netherlands,NLD,n/a,n/a,92.74279785,92.10748291,91.52475739,90.77490997,90.61831665,91.5354538,91.88208008,92.35678864,92.91356659,93.01502228,92.43034363,90.40532684,88.42939758,87.10392761,86.56236267,92.05285645,93.8963623,95.44371033,95.99749756,95.82034302,95.11689758,94.15866089,93.53312683,98.96160126,99.20709991,99.38736725,99.6654129,n/a,99.35646057,99.39073944,99.34887695,99.29989624,98.80213928,98.21144867,98.11316681,98.50395203,99.32463837,99.5912323,99.79756165,99.51338959,99.22106171,98.49053955,n/a,n/a,96.42201233,97.32553101,n/a,n/a
"School enrollment, primary (% net)",SE.PRM.NENR,New Caledonia,NCL,n/a,n/a,n/a,n/a,n/a,n/a,n/a,n/a,n/a,n/a,n/a,n/a,n/a,n/a,n/a,n/a,n/a,n/a,n/a,n/a,n/a,n/a,n/a,n/a,n/a,n/a,n/a,n/a,n/a,n/a,n/a,n/a,n/a,n/a,n/a,n/a,n/a,n/a,n/a,n/a,n/a,n/a,n/a,n/a,n/a,n/a,n/a,n/a,n/a,n/a
"School enrollment, primary (% net)",SE.PRM.NENR,New Zealand,NZL,n/a,99.97071075,99.78222656,99.90039063,99.49732971,99.44087219,99.55983734,99.66490936,99.57774353,99.44377136,99.42159271,99.47348022,99.32086182,99.21189117,98.83112335,99.50991058,99.57958221,99.76006317,99.8602066,99.89205933,99.8303299,99.52082062,98.98017883,97.55024719,n/a,97.1552124,98.5120697,98.97884369,99.75817108,n/a,n/a,n/a,n/a,n/a,n/a,n/a,n/a,n/a,n/a,n/a,n/a,n/a,n/a,n/a,97.6947403,97.41752625,97.66835022,98.46376038,99.12017822,n/a
"School enrollment, primary (% net)",SE.PRM.NENR,Nicaragua,NIC,n/a,52.41981888,55.23394012,55.02032089,55.71725082,55.61877823,57.5196991,58.74747086,57.82136154,55.78989029,n/a,64.39705658,n/a,62.99541855,63.45446014,61.95138168,66.06942749,64.94519043,66.55467987,66.77172852,65.0438385,67.51689911,70.1623764,73.57788849,74.32348633,75.22335052,73.43441772,72.71305847,n/a,n/a,78.87380981,81.74987793,85.18002319,91.75193787,n/a,92.60536194,92.4469223,96.62387848,96.365448,97.26442719,n/a,96.95223999,n/a,n/a,n/a,n/a,n/a,n/a,n/a,n/a
"School enrollment, primary (% net)",SE.PRM.NENR,Niger,NER,n/a,n/a,n/a,n/a,10.60853958,11.13558006,n/a,n/a,15.12508011,16.14422035,n/a,n/a,19.20413017,n/a,n/a,n/a,n/a,23.33992004,n/a,n/a,22.56850052,22.8850708,23.46911049,21.4097805,n/a,n/a,n/a,n/a,24.05182076,24.39038086,25.94837952,26.79921913,30.31765938,33.7798996,37.49843979,40.97766113,41.31145096,42.03828812,43.2922287,47.28675079,51.06116104,54.03432846,58.69271088,60.49816132,61.0104599,60.31953812,61.8176384,63.79476166,65.44570923,n/a
"School enrollment, primary (% net)",SE.PRM.NENR,Nigeria,NGA,n/a,n/a,n/a,n/a,n/a,n/a,n/a,n/a,n/a,n/a,n/a,n/a,n/a,n/a,n/a,n/a,n/a,n/a,n/a,n/a,n/a,n/a,n/a,n/a,n/a,n/a,n/a,n/a,n/a,n/a,62.03615952,65.05432129,n/a,n/a,n/a,66.36904144,66.82318878,67.31323242,70.27986908,63.37131882,64.31044769,64.1046524,n/a,n/a,n/a,n/a,n/a,n/a,n/a,n/a
"School enrollment, primary (% net)",SE.PRM.NENR,North Macedonia,MKD,n/a,n/a,n/a,n/a,n/a,n/a,n/a,n/a,n/a,n/a,n/a,n/a,n/a,n/a,n/a,n/a,n/a,n/a,n/a,n/a,n/a,n/a,n/a,n/a,n/a,n/a,n/a,n/a,n/a,91.52066803,91.29531097,90.23201752,89.27204895,88.73455811,87.65258789,87.66252899,87.69789886,86.83579254,85.95623016,85.01751709,85.1781311,85.37581635,n/a,84.49360657,88.62893677,89.22934723,91.71095276,n/a,n/a,n/a
"School enrollment, primary (% net)",SE.PRM.NENR,Norway,NOR,n/a,n/a,97.57643127,98.13282776,n/a,n/a,n/a,99.68327332,99.63729095,98.98856354,98.64031982,99.17533875,98.38561249,98.13591003,n/a,97.3603363,96.36161041,96.39424896,97.00971985,97.64546204,98.65821838,99.73066711,99.95668793,99.64790344,98.6680603,98.39620972,98.19120789,98.26480865,84.19145966,99.73560333,99.79454041,99.70516205,99.76033783,99.72673035,99.85574341,99.35220337,98.5114975,98.59500885,99.07582092,99.26267242,99.1536026,99.079422,99.40241241,99.68914795,99.8567276,99.83146667,99.76589203,99.80597687,99.87783813,n/a
"School enrollment, primary (% net)",SE.PRM.NENR,Oman,OMN,n/a,n/a,n/a,n/a,13.31077003,18.88167,26.28963089,27.24740028,n/a,34.778759,37.80752182,n/a,42.87990189,45.48770142,48.54689026,54.95560074,57.37023163,63.22985077,65.47096252,64.82393646,65.9658432,67.16255951,68.23342896,69.59612274,72.95678711,74.20050812,75.65466309,78.29363251,79.01911926,79.5508194,81.18849945,82.1231308,83.1967926,83.29647827,81.84368134,n/a,n/a,n/a,n/a,n/a,93.1864624,n/a,95.44051361,96.44496918,94.36923981,94.135849,94.25534058,94.95516968,94.12075806,n/a
"School enrollment, primary (% net)",SE.PRM.NENR,Pakistan,PAK,n/a,n/a,n/a,n/a,n/a,n/a,n/a,n/a,n/a,n/a,n/a,n/a,n/a,n/a,n/a,n/a,n/a,n/a,n/a,n/a,n/a,n/a,n/a,n/a,n/a,n/a,n/a,n/a,n/a,n/a,n/a,n/a,n/a,58.90473175,60.85026169,66.45591736,68.54192352,66.08200073,70.89040375,71.66677094,73.05828857,74.42195129,71.49482727,71.05860138,69.81465149,72.73217773,73.60605621,77.7768631,76.45030975,n/a
"School enrollment, primary (% net)",SE.PRM.NENR,Palau,PLW,n/a,n/a,n/a,n/a,n/a,n/a,n/a,n/a,n/a,n/a,n/a,n/a,n/a,n/a,n/a,n/a,n/a,n/a,n/a,n/a,n/a,n/a,n/a,n/a,n/a,n/a,n/a,n/a,n/a,n/a,n/a,n/a,n/a,n/a,n/a,n/a,n/a,n/a,n/a,n/a,n/a,n/a,n/a,n/a,99.11504364,99.05886078,n/a,n/a,n/a,n/a
"School enrollment, primary (% net)",SE.PRM.NENR,Panama,PAN,n/a,74.35031128,82.4765625,85.05034637,87.12207031,n/a,88.82997894,88.50579834,n/a,90.61946106,89.18939972,88.13562012,86.79917145,85.82653046,84.68908691,84.46256256,85.03972626,85.01280975,85.79666138,84.9643631,86.42642975,86.61984253,n/a,n/a,n/a,n/a,n/a,n/a,n/a,n/a,93.134552,94.8825531,96.16586304,98.31176758,n/a,98.02324677,97.57965088,98.1991272,97.99423218,97.00582123,94.06896973,95.58067322,94.46147919,93.82264709,92.92350769,90.45468903,87.2092514,n/a,n/a,n/a
"School enrollment, primary (% net)",SE.PRM.NENR,Papua New Guinea,PNG,n/a,n/a,n/a,n/a,n/a,n/a,n/a,n/a,n/a,n/a,n/a,n/a,n/a,n/a,n/a,n/a,n/a,n/a,n/a,n/a,61.70647049,n/a,n/a,n/a,n/a,n/a,n/a,n/a,n/a,n/a,n/a,n/a,n/a,n/a,n/a,n/a,n/a,n/a,n/a,n/a,n/a,n/a,n/a,71.22857666,n/a,n/a,n/a,75.75621033,n/a,n/a
"School enrollment, primary (% net)",SE.PRM.NENR,Paraguay,PRY,n/a,79.9347229,n/a,80.91594696,81.58145142,n/a,78.98892975,80.05982208,80.97711945,82.63820648,83.90351105,86.05001831,87.95359802,92.32161713,88.38517761,87.97702026,87.8990097,86.86405945,87.63439178,89.258461,91.15458679,92.97115326,94.97666168,95.88173676,96.28301239,91.8588028,91.70462036,95.02059174,n/a,n/a,96.72760773,97.35787201,97.38897705,95.6312027,94.86547089,94.21633148,94.80883026,93.09883118,91.34252167,89.84941101,88.91390228,89.01380157,88.95008087,88.54608154,n/a,n/a,n/a,n/a,n/a,n/a
"School enrollment, primary (% net)",SE.PRM.NENR,Peru,PER,n/a,76.47667694,n/a,n/a,80.17935181,n/a,n/a,n/a,n/a,n/a,n/a,85.57492065,90.9204483,91.712677,n/a,n/a,95.42540741,n/a,n/a,90.94714355,n/a,n/a,n/a,n/a,93.73175049,n/a,88.54277802,88.04223633,87.50878906,97.73750305,97.69091797,97.57472229,97.83477783,97.69190979,99.53674316,96.58733368,96.27115631,96.201828,95.99829102,95.92108154,96.14602661,96.1711731,95.92360687,90.99060822,93.15801239,92.8102417,94.08167267,95.1532135,95.35011292,96.55621338
"School enrollment, primary (% net)",SE.PRM.NENR,Philippines,PHL,n/a,n/a,n/a,n/a,n/a,n/a,n/a,96.79429626,n/a,n/a,96.19239807,n/a,93.17163086,93.1870575,91.58796692,90.89108276,94.4155426,93.79490662,94.04325867,96.06221008,97.54286194,98.44171906,n/a,95.53386688,94.58925629,92.96443176,n/a,95.68161774,n/a,91.8030777,88.93604279,n/a,89.4907608,89.59320068,89.87042999,89.32288361,88.53304291,86.79062653,87.14833069,88.26502228,90.15796661,n/a,n/a,n/a,n/a,96.06951141,95.71631622,94.96179962,n/a,n/a
"School enrollment, primary (% net)",SE.PRM.NENR,Poland,POL,n/a,n/a,n/a,n/a,n/a,n/a,n/a,n/a,n/a,n/a,n/a,n/a,n/a,n/a,n/a,n/a,n/a,n/a,n/a,n/a,n/a,n/a,n/a,n/a,n/a,n/a,n/a,n/a,n/a,n/a,96.94635773,96.59532166,96.33107758,95.43596649,94.49800873,93.6987381,93.09130859,93.15226746,93.247612,93.44805145,94.15183258,94.63333893,94.68675995,95.20720673,95.47595978,95.23384857,95.0003891,94.978302,n/a,n/a
"School enrollment, primary (% net)",SE.PRM.NENR,Portugal,PRT,n/a,n/a,n/a,n/a,88.0324173,88.08618164,n/a,92.35942078,93.41850281,95.91004944,n/a,95.50491333,96.02364349,n/a,n/a,97.87261963,99.45218658,99.64836121,99.51470947,n/a,n/a,99.7066803,98.24414825,99.61949158,99.72530365,98.35498047,99.48220062,99.57922363,n/a,n/a,n/a,97.02278137,n/a,n/a,n/a,97.92591095,97.96257019,97.77049255,n/a,n/a,99.19342804,99.31591034,98.85040283,98.94934082,98.811203,97.94777679,97.00228119,96.2877121,n/a,n/a
"School enrollment, primary (% net)",SE.PRM.NENR,Qatar,QAT,n/a,n/a,80.70288849,85.34403229,86.67848206,85.88059998,n/a,88.87332916,90.43422699,94.45540619,95.89060211,96.09722137,94.72209167,95.60977173,93.49124908,93.43952942,91.40313721,92.32746124,89.17514038,88.12670135,87.34158325,85.60555267,81.05841064,78.20697021,77.07436371,81.60501862,n/a,n/a,n/a,93.45928955,93.74539948,96.18775177,91.79383087,92.84137726,96.70481873,91.95835114,95.63143921,88.89391327,93.1576767,n/a,92.15387726,91.26141357,93.64408875,92.5109787,89.03856659,89.55220795,92.1139679,93.6015625,94.40014648,n/a
"School enrollment, primary (% net)",SE.PRM.NENR,Romania,ROU,n/a,n/a,n/a,n/a,n/a,n/a,n/a,n/a,n/a,n/a,n/a,n/a,n/a,n/a,n/a,n/a,n/a,n/a,n/a,n/a,n/a,n/a,n/a,n/a,73.73529053,81.94125366,87.73222351,90.23683167,91.10909271,91.08679199,88.72602081,88.35636139,91.85601044,90.88397217,93.76547241,95.58119965,93.95581818,92.49918365,92.2405777,88.39665985,89.0684967,89.12837982,88.77485657,87.47380829,n/a,n/a,87.50663757,86.56465149,n/a,n/a
"School enrollment, primary (% net)",SE.PRM.NENR,Russian Federation,RUS,n/a,n/a,n/a,n/a,n/a,n/a,n/a,n/a,n/a,n/a,n/a,n/a,n/a,n/a,n/a,n/a,n/a,n/a,n/a,n/a,n/a,n/a,n/a,n/a,n/a,96.80024719,93.25147247,n/a,n/a,n/a,n/a,n/a,n/a,n/a,n/a,n/a,n/a,90.05078125,90.44927979,92.4208374,93.93537903,n/a,95.34660339,96.24333954,96.14549255,95.29891968,96.52664185,96.98200989,n/a,n/a
"School enrollment, primary (% net)",SE.PRM.NENR,Rwanda,RWA,n/a,n/a,n/a,n/a,55.36154175,53.23588181,50.81269836,n/a,54.27093124,56.50767899,n/a,n/a,n/a,n/a,n/a,n/a,n/a,n/a,n/a,n/a,n/a,n/a,n/a,n/a,n/a,n/a,n/a,n/a,n/a,n/a,80.93768311,n/a,n/a,82.95134735,89.02323151,n/a,n/a,n/a,n/a,n/a,n/a,n/a,n/a,n/a,n/a,n/a,n/a,95.86196899,93.93462372,n/a
"School enrollment, primary (% net)",SE.PRM.NENR,Samoa,WSM,n/a,n/a,n/a,n/a,n/a,n/a,n/a,n/a,n/a,n/a,n/a,n/a,n/a,n/a,n/a,n/a,n/a,n/a,n/a,n/a,n/a,n/a,n/a,n/a,n/a,93.37255096,n/a,n/a,n/a,93.32949829,90.45391083,89.33712769,86.46877289,n/a,n/a,n/a,n/a,n/a,98.36961365,n/a,98.27191925,95.35794067,93.83905792,94.79441071,n/a,96.02044678,95.92401886,94.85823822,94.45987701,n/a
"School enrollment, primary (% net)",SE.PRM.NENR,Sao Tome and Principe,STP,n/a,n/a,n/a,n/a,n/a,n/a,n/a,n/a,n/a,n/a,n/a,n/a,n/a,n/a,96.13909912,96.11808777,n/a,n/a,89.80693054,92.04373932,n/a,96.68876648,n/a,n/a,n/a,n/a,n/a,n/a,n/a,n/a,81.40473175,n/a,n/a,94.90914917,97.59384155,97.30687714,95.6530838,n/a,89.56426239,90.19521332,91.21768951,91.33750153,n/a,n/a,90.84293365,90.96038055,90.6035614,n/a,96.07662964,n/a
"School enrollment, primary (% net)",SE.PRM.NENR,Saudi Arabia,SAU,n/a,n/a,n/a,n/a,n/a,n/a,n/a,n/a,n/a,n/a,43.60161972,n/a,n/a,n/a,n/a,n/a,n/a,n/a,n/a,n/a,n/a,n/a,n/a,n/a,n/a,n/a,n/a,n/a,n/a,n/a,n/a,n/a,n/a,n/a,n/a,n/a,n/a,n/a,n/a,n/a,90.93891907,96.61032867,96.59918213,99.44210815,97.72881317,97.39029694,n/a,n/a,n/a,n/a
"School enrollment, primary (% net)",SE.PRM.NENR,Senegal,SEN,n/a,n/a,n/a,n/a,n/a,n/a,n/a,n/a,n/a,30.78148079,33.31177902,34.43650055,35.71118164,37.44203949,39.41173172,40.2700119,41.02276993,45.64471054,n/a,46.37482834,45.59410095,44.77196884,n/a,44.23334122,n/a,44.92858887,n/a,49.20220184,53.432621,56.00645828,54.94596863,57.68201828,n/a,n/a,64.33422852,62.8966217,64.01230621,66.21566772,68.72593689,69.58693695,69.90553284,70.79737854,71.2903595,73.16832733,72.0072403,72.51753235,72.61997986,72.33998871,74.1133728,n/a
"School enrollment, primary (% net)",SE.PRM.NENR,Serbia,SRB,n/a,n/a,n/a,n/a,n/a,n/a,n/a,n/a,n/a,n/a,n/a,n/a,n/a,n/a,n/a,n/a,n/a,n/a,n/a,n/a,n/a,n/a,n/a,n/a,n/a,n/a,n/a,n/a,n/a,n/a,n/a,n/a,n/a,n/a,n/a,n/a,99.70359039,99.86248016,98.34468079,96.99485016,94.22315216,92.7472229,95.70456696,94.43076324,94.79515839,96.24176788,96.30226135,95.73023224,95.17740631,n/a
"School enrollment, primary (% net)",SE.PRM.NENR,Seychelles,SYC,n/a,n/a,n/a,n/a,n/a,n/a,n/a,n/a,n/a,n/a,84.04945374,n/a,n/a,n/a,n/a,n/a,n/a,n/a,n/a,n/a,n/a,n/a,n/a,n/a,87.90248871,90.87541962,91.66233063,92.05771637,n/a,91.43479919,n/a,84.72279358,86.05773926,93.3837204,95.07054138,95.28582001,95.50624084,n/a,n/a,n/a,n/a,n/a,n/a,n/a,n/a,n/a,n/a,n/a,n/a,n/a
"School enrollment, primary (% net)",SE.PRM.NENR,Sierra Leone,SLE,n/a,n/a,n/a,n/a,n/a,n/a,n/a,n/a,n/a,n/a,n/a,n/a,n/a,n/a,43.57778931,n/a,n/a,n/a,n/a,n/a,n/a,n/a,n/a,n/a,n/a,n/a,n/a,n/a,n/a,n/a,n/a,n/a,n/a,n/a,n/a,n/a,n/a,n/a,n/a,n/a,n/a,n/a,n/a,91.95932007,96.54878998,n/a,92.37492371,98.3189621,n/a,n/a
"School enrollment, primary (% net)",SE.PRM.NENR,Singapore,SGP,n/a,n/a,n/a,n/a,n/a,n/a,n/a,n/a,n/a,n/a,n/a,n/a,n/a,n/a,n/a,n/a,n/a,n/a,n/a,n/a,n/a,n/a,n/a,n/a,n/a,n/a,n/a,n/a,n/a,n/a,n/a,n/a,n/a,n/a,n/a,n/a,n/a,n/a,n/a,n/a,n/a,n/a,n/a,n/a,n/a,n/a,n/a,99.45667267,n/a,n/a
"School enrollment, primary (% net)",SE.PRM.NENR,Sint Maarten (Dutch part),SXM,n/a,n/a,n/a,n/a,n/a,n/a,n/a,n/a,n/a,n/a,n/a,n/a,n/a,n/a,n/a,n/a,n/a,n/a,n/a,n/a,n/a,n/a,n/a,n/a,n/a,n/a,n/a,n/a,n/a,n/a,n/a,n/a,n/a,n/a,n/a,n/a,n/a,n/a,n/a,n/a,n/a,n/a,n/a,n/a,n/a,n/a,n/a,n/a,n/a,n/a
"School enrollment, primary (% net)",SE.PRM.NENR,Slovak Republic,SVK,n/a,n/a,n/a,n/a,n/a,n/a,n/a,n/a,n/a,n/a,n/a,n/a,n/a,n/a,n/a,n/a,n/a,n/a,n/a,n/a,n/a,n/a,n/a,n/a,n/a,n/a,n/a,n/a,n/a,n/a,n/a,n/a,n/a,n/a,n/a,n/a,n/a,n/a,n/a,n/a,n/a,n/a,n/a,n/a,n/a,n/a,n/a,n/a,n/a,n/a
"School enrollment, primary (% net)",SE.PRM.NENR,Slovenia,SVN,n/a,n/a,n/a,n/a,n/a,n/a,n/a,n/a,n/a,n/a,n/a,n/a,n/a,n/a,n/a,n/a,n/a,n/a,n/a,n/a,n/a,n/a,n/a,n/a,n/a,n/a,92.86786652,94.61705017,95.29337311,95.39398956,94.4123764,93.6205368,94.11103821,94.57888794,95.66143799,97.66998291,97.10923004,96.64736176,97.48735046,97.60826874,97.65818787,97.90640259,97.99810791,98.45919037,97.77079773,97.57937622,97.77426147,97.70269775,n/a,n/a
"School enrollment, primary (% net)",SE.PRM.NENR,Solomon Islands,SLB,n/a,n/a,n/a,n/a,n/a,n/a,n/a,n/a,n/a,n/a,n/a,n/a,n/a,n/a,n/a,n/a,n/a,n/a,n/a,n/a,n/a,n/a,n/a,n/a,n/a,n/a,n/a,n/a,n/a,n/a,n/a,n/a,n/a,n/a,n/a,n/a,75.36377716,79.83869934,80.50975037,n/a,n/a,n/a,n/a,n/a,70.5692215,70.21498871,70.58518219,72.64134979,69.52639771,n/a
"School enrollment, primary (% net)",SE.PRM.NENR,Somalia,SOM,n/a,n/a,n/a,n/a,n/a,n/a,n/a,n/a,n/a,n/a,n/a,n/a,n/a,n/a,n/a,n/a,n/a,n/a,n/a,n/a,n/a,n/a,n/a,n/a,n/a,n/a,n/a,n/a,n/a,n/a,n/a,n/a,n/a,n/a,n/a,n/a,n/a,n/a,n/a,n/a,n/a,n/a,n/a,n/a,n/a,n/a,n/a,n/a,n/a,n/a
"School enrollment, primary (% net)",SE.PRM.NENR,South Africa,ZAF,n/a,64.90313721,n/a,n/a,n/a,n/a,n/a,n/a,n/a,n/a,n/a,n/a,n/a,n/a,n/a,n/a,n/a,n/a,n/a,n/a,n/a,n/a,86.90270233,n/a,n/a,91.45908356,92.58482361,n/a,n/a,88.70944977,89.78684998,88.01283264,88.16648102,87.92106628,88.39546204,87.28276825,85.87832642,n/a,n/a,n/a,n/a,n/a,n/a,n/a,n/a,n/a,84.31717682,n/a,n/a,n/a
"School enrollment, primary (% net)",SE.PRM.NENR,South Sudan,SSD,n/a,n/a,n/a,n/a,n/a,n/a,n/a,n/a,n/a,n/a,n/a,n/a,n/a,n/a,n/a,n/a,n/a,n/a,n/a,n/a,n/a,n/a,n/a,n/a,n/a,n/a,n/a,n/a,n/a,n/a,n/a,n/a,n/a,n/a,n/a,n/a,n/a,n/a,n/a,n/a,n/a,n/a,40.83879089,n/a,n/a,n/a,32.1198082,n/a,n/a,n/a
"School enrollment, primary (% net)",SE.PRM.NENR,Spain,ESP,n/a,n/a,92.89792633,94.26795959,95.23184204,n/a,99.46665192,99.90673828,99.08840179,98.49434662,98.59340668,99.15735626,99.18084717,n/a,99.58605194,99.75650024,99.79081726,99.80075836,99.20646667,98.37837982,98.98301697,98.95818329,99.66216278,99.34951782,99.98680115,99.98290253,99.95607758,99.94393158,99.93536377,n/a,99.85681915,99.81311798,99.76262665,99.81835938,99.85694885,99.73356628,99.5835495,99.72238159,99.84165192,99.77845001,99.64922333,99.5694809,99.62267303,99.63735199,99.07111359,98.47370911,98.85775757,98.46452332,n/a,n/a
"School enrollment, primary (% net)",SE.PRM.NENR,Sri Lanka,LKA,n/a,n/a,n/a,n/a,n/a,n/a,n/a,n/a,78.48110199,n/a,n/a,n/a,n/a,n/a,n/a,n/a,n/a,98.1789093,n/a,n/a,n/a,n/a,n/a,n/a,n/a,n/a,n/a,n/a,n/a,n/a,n/a,n/a,99.72570801,99.92471313,99.61740875,96.8483429,97.25332642,96.60623932,96.25135803,95.54940033,93.24504089,94.92993164,95.07620239,95.3500824,96.35182953,97.15061188,98.93740082,98.92302704,99.11165619,n/a
"School enrollment, primary (% net)",SE.PRM.NENR,St. Lucia,LCA,n/a,n/a,n/a,n/a,n/a,n/a,n/a,n/a,n/a,n/a,n/a,n/a,92.26370239,94.20124817,99.04984283,98.73497772,100,100,n/a,n/a,n/a,97.31311035,n/a,n/a,n/a,n/a,n/a,n/a,n/a,n/a,n/a,89.25538635,90.19833374,97.46508026,95.93321991,94.14079285,91.70010376,94.15937805,93.43849945,n/a,n/a,n/a,n/a,n/a,n/a,n/a,n/a,n/a,n/a,n/a
"School enrollment, primary (% net)",SE.PRM.NENR,St. Vincent and the Grenadines,VCT,n/a,n/a,n/a,n/a,n/a,n/a,n/a,n/a,n/a,n/a,n/a,n/a,n/a,n/a,n/a,93.6984024,n/a,96.99073792,n/a,n/a,n/a,n/a,n/a,n/a,n/a,99.46235657,n/a,n/a,n/a,n/a,n/a,96.74091339,n/a,97.83261108,97.92188263,97.1264801,96.06298828,n/a,95.3830719,94.64138031,94.61470795,93.92923737,92.31285095,94.78634644,91.58982849,85.68865967,93.97593689,93.86753845,93.44302368,n/a
"School enrollment, primary (% net)",SE.PRM.NENR,Sudan,SDN,n/a,n/a,n/a,n/a,n/a,n/a,n/a,n/a,n/a,n/a,n/a,n/a,n/a,n/a,n/a,n/a,n/a,n/a,n/a,n/a,n/a,n/a,n/a,n/a,n/a,n/a,n/a,n/a,n/a,n/a,n/a,n/a,n/a,n/a,n/a,n/a,n/a,n/a,n/a,n/a,n/a,n/a,58.98085022,55.40850067,56.34352875,56.63365173,57.32382965,59.569561,60.43302917,n/a
"School enrollment, primary (% net)",SE.PRM.NENR,Suriname,SUR,n/a,n/a,n/a,n/a,n/a,n/a,n/a,n/a,93.88136292,95.31622314,n/a,n/a,n/a,n/a,n/a,n/a,98.93511963,n/a,98.5725708,98.7508316,n/a,n/a,n/a,n/a,n/a,n/a,n/a,n/a,n/a,n/a,n/a,n/a,n/a,n/a,n/a,n/a,83.06027985,85.01464844,83.18518066,89.24529266,92.77599335,90.38606262,89.15451813,90.13704681,90.1678772,90.12098694,92.02606964,93.31983185,90.1902771,n/a
"School enrollment, primary (% net)",SE.PRM.NENR,Sweden,SWE,n/a,n/a,n/a,n/a,n/a,n/a,n/a,99.43541718,n/a,n/a,n/a,n/a,n/a,96.21250153,n/a,n/a,n/a,n/a,98.16773987,98.41821289,98.77628326,99.51596069,99.72395325,99.83867645,99.63522339,99.89829254,98.83807373,99.80345154,99.82814789,n/a,99.77018738,99.42556,99.72499847,99.52890778,99.10214233,96.88699341,95.39293671,95.07879639,96.2506485,98.43335724,99.33548737,99.38350677,99.47860718,99.59944153,99.41316223,99.46630859,99.37574768,99.35069275,n/a,n/a
"School enrollment, primary (% net)",SE.PRM.NENR,Switzerland,CHE,n/a,n/a,n/a,n/a,n/a,n/a,n/a,n/a,75.65157318,76.18498993,n/a,n/a,77.13974762,77.10378265,76.73268127,76.20934296,76.14981842,76.56069183,77.74510193,79.52866364,81.58158112,83.2928009,84.09174347,84.12696075,83.32559967,82.43993378,88.86615753,90.79218292,n/a,n/a,95.72994995,95.57440186,95.29064941,95.17031097,94.93831635,94.43566132,93.39526367,92.97382355,92.95941162,93.61908722,93.76525879,93.70471954,93.61617279,93.46543884,93.63558197,93.77391815,93.31900024,93.53813171,n/a,n/a
"School enrollment, primary (% net)",SE.PRM.NENR,Syrian Arab Republic,SYR,n/a,n/a,72.88040161,n/a,81.93557739,83.57956696,83.73303986,84.46257019,85.35488892,85.05841064,84.88066864,85.78520966,85.79782104,86.06372833,86.49661255,88.33161163,89.81324005,91.45233154,94.83506775,94.70752716,95.03836823,94.73268127,95.76461792,96.16342163,96.20819855,96.43585205,96.46909332,96.37966156,95.57885742,94.04380798,93.53938293,93.86000061,94.56478882,94.88375092,91.70451355,92.51625824,92.57364655,89.91343689,91.00061798,91.73821259,92.78222656,92.94094849,n/a,n/a,63.24472046,n/a,n/a,n/a,n/a,n/a
"School enrollment, primary (% net)",SE.PRM.NENR,Tajikistan,TJK,n/a,n/a,n/a,n/a,n/a,n/a,n/a,n/a,n/a,n/a,n/a,n/a,n/a,n/a,n/a,n/a,n/a,n/a,n/a,n/a,n/a,n/a,n/a,n/a,n/a,n/a,n/a,n/a,n/a,n/a,n/a,94.88974762,94.21331787,96.52024841,96.92337036,96.90991974,97.05474091,96.61933899,95.17890167,97.53256989,97.46269989,97.88764191,97.43408966,97.58262634,97.54193115,95.31765747,94.35111237,94.34999084,97.73008728,n/a
"School enrollment, primary (% net)",SE.PRM.NENR,Tanzania,TZA,n/a,n/a,n/a,n/a,n/a,n/a,n/a,48.20814896,n/a,n/a,n/a,69.86831665,68.59266663,63.71786118,62.4778595,59.29101181,56.4621315,55.16389847,53.71625137,52.07590103,51.98231125,51.32563019,50.62554169,50.70394135,49.92002869,48.71263123,48.60242081,48.70991898,49.09300995,48.54040909,48.94356918,52.46871948,57.01628113,71.65950012,79.86843872,84.01119232,88.14306641,93.27204895,n/a,94.1414566,n/a,87.31658173,n/a,82.94377899,79.75639343,79.32286072,n/a,79.79953766,79.86929321,n/a
"School enrollment, primary (% net)",SE.PRM.NENR,Thailand,THA,n/a,n/a,n/a,n/a,75.50617981,75.90750885,n/a,n/a,n/a,n/a,n/a,n/a,n/a,n/a,n/a,n/a,n/a,n/a,n/a,n/a,n/a,n/a,n/a,n/a,n/a,n/a,n/a,n/a,n/a,n/a,n/a,n/a,n/a,n/a,n/a,n/a,n/a,98.88327026,98.45166016,97.90419769,98.01957703,n/a,n/a,n/a,n/a,n/a,n/a,n/a,n/a,n/a
"School enrollment, primary (% net)",SE.PRM.NENR,Timor-Leste,TLS,n/a,n/a,n/a,n/a,n/a,n/a,n/a,n/a,n/a,n/a,n/a,n/a,n/a,n/a,n/a,n/a,n/a,n/a,n/a,n/a,n/a,n/a,n/a,n/a,n/a,n/a,n/a,n/a,n/a,n/a,n/a,n/a,n/a,n/a,n/a,n/a,n/a,n/a,n/a,69.56426239,77.43003845,86.72440338,92.12088013,91.14778137,89.69612122,86.95819855,83.74198151,80.2086792,78.69487762,n/a
"School enrollment, primary (% net)",SE.PRM.NENR,Togo,TGO,n/a,n/a,51.37060928,52.37884903,n/a,n/a,n/a,n/a,n/a,70.40270233,71.60980988,71.90184784,n/a,69.26280975,66.86959839,59.87305069,58.01408005,53.56068039,62.63983154,63.02531052,63.28105927,64.47058105,66.97489166,n/a,n/a,62.90003967,71.48477936,78.7816391,76.3685379,n/a,85.26467896,83.71450806,86.09915161,88.39820862,86.79077911,89.07012177,88.38040924,90.40632629,88.0962677,88.9050827,n/a,n/a,n/a,n/a,n/a,89.63632202,94.5440979,89.00872803,89.96453094,n/a
"School enrollment, primary (% net)",SE.PRM.NENR,Tonga,TON,n/a,87.6900177,88.95320892,94.80097198,n/a,89.42053986,97.2842865,n/a,n/a,n/a,n/a,n/a,n/a,98.73396301,90.18897247,98.92030334,96.98317719,96.76338959,n/a,n/a,n/a,92.28523254,n/a,n/a,92.63951111,n/a,n/a,n/a,n/a,93.70030212,90.49485016,n/a,98.63249207,n/a,n/a,95.43580627,98.82917023,98.71340942,n/a,n/a,n/a,n/a,n/a,95.57910919,93.0929184,88.24008942,86.85797119,n/a,n/a,n/a
"School enrollment, primary (% net)",SE.PRM.NENR,Trinidad and Tobago,TTO,n/a,n/a,93.11206055,92.29364014,91.55757904,91.40862274,92.24716949,95.34002686,96.05095673,94.09851074,89.40709686,86.25486755,91.30532074,92.58895111,92.5806427,91.87470245,92.1622467,90.38651276,92.41091156,93.22930145,91.84915161,90.03434753,89.61936951,89.19911194,88.32038879,n/a,n/a,88.66780853,88.48452759,n/a,93.70324707,93.85691071,93.06300354,89.87798309,90.98724365,91.67431641,88.69126892,n/a,93.50525665,94.38098145,95.23143005,95.23793793,n/a,n/a,n/a,n/a,n/a,n/a,n/a,n/a
"School enrollment, primary (% net)",SE.PRM.NENR,Tunisia,TUN,n/a,n/a,77.87490845,n/a,n/a,n/a,75.79849243,n/a,n/a,77.92723846,79.37117767,81.44110107,83.17407227,85.7678299,88.82736206,91.57317352,92.32026672,92.99743652,93.51648712,93.83602142,94.29734039,93.94593048,94.94950867,95.33661652,96.17458344,96.18888092,96.42446136,95.46047211,94.3375473,n/a,93.73162842,95.43820953,97.2858429,98.53357697,98.58553314,98.69988251,98.87223816,97.40632629,96.23335266,96.41815186,97.60207367,98.9478302,99.63407135,98.81703949,98.56730652,n/a,n/a,n/a,n/a,n/a
"School enrollment, primary (% net)",SE.PRM.NENR,Turkey,TUR,n/a,n/a,n/a,n/a,n/a,84.99411011,n/a,n/a,n/a,n/a,n/a,n/a,n/a,n/a,n/a,n/a,91.98293304,92.91963196,92.59667969,94.28288269,94.27301788,96.02133942,95.31539154,95.50202942,93.07034302,92.24948883,91.64530945,n/a,92.04451752,n/a,94.97889709,95.85532379,96.3944397,96.7181015,97.15100098,97.47792816,97.79316711,98.05828094,98.51146698,97.72824097,95.32373047,96.06362915,95.2129364,92.76284027,93.25505066,94.73918152,94.868927,94.34500122,n/a,n/a
"School enrollment, primary (% net)",SE.PRM.NENR,Uganda,UGA,n/a,n/a,n/a,n/a,n/a,n/a,n/a,n/a,n/a,n/a,37.21340179,n/a,40.7924881,42.58641815,n/a,n/a,n/a,56.82099152,n/a,n/a,n/a,n/a,n/a,n/a,n/a,n/a,n/a,n/a,n/a,n/a,n/a,n/a,n/a,n/a,n/a,n/a,n/a,n/a,n/a,n/a,90.83541107,87.60276031,90.34301758,n/a,90.85495758,n/a,n/a,n/a,n/a,n/a
"School enrollment, primary (% net)",SE.PRM.NENR,Ukraine,UKR,n/a,n/a,n/a,n/a,n/a,n/a,n/a,n/a,n/a,n/a,n/a,n/a,n/a,n/a,n/a,n/a,n/a,n/a,n/a,n/a,n/a,n/a,n/a,n/a,n/a,n/a,n/a,n/a,n/a,n/a,n/a,n/a,n/a,93.61514282,88.55387878,87.99401855,89.51785278,88.3218689,87.7201767,87.47566223,87.87653351,90.37473297,92.42723846,93.45326996,93.90666199,92.43895721,n/a,n/a,n/a,n/a
"School enrollment, primary (% net)",SE.PRM.NENR,United Arab Emirates,ARE,n/a,n/a,n/a,n/a,n/a,n/a,n/a,n/a,n/a,78.50348663,n/a,74.88394928,71.94586182,76.83513641,72.33854675,72.19296265,71.88117218,72.6618576,83.51203918,86.89585876,91.63600159,95.5618515,96.16816711,92.8031311,89.32138062,87.35839844,87.85948181,85.09288025,81.59346008,78.68792725,n/a,n/a,n/a,n/a,n/a,n/a,n/a,n/a,86.62152863,n/a,n/a,n/a,n/a,87.84117126,87.02748871,89.856987,93.38942719,94.59490204,n/a,n/a
"School enrollment, primary (% net)",SE.PRM.NENR,United Kingdom,GBR,n/a,n/a,98.10803223,97.25166321,96.30168915,95.81069183,95.72158813,95.80593872,96.11947632,96.18984985,96.3551178,97.70909882,97.57996368,96.62368774,95.0379715,94.57132721,93.49929047,95.11607361,97.94033051,99.60997772,99.71222687,99.78903198,98.11962891,96.59140778,n/a,n/a,n/a,n/a,n/a,99.90545654,99.9437027,99.94838715,99.93997955,99.74832916,99.90733337,98.03829956,98.78208923,98.34721375,96.49476624,98.65717316,97.98403168,98.19078064,98.35767365,98.61808777,99.89137268,99.90799713,99.94197083,99.72930908,n/a,n/a
"School enrollment, primary (% net)",SE.PRM.NENR,United States,USA,n/a,n/a,n/a,n/a,n/a,n/a,81.58202362,n/a,n/a,n/a,n/a,n/a,n/a,n/a,n/a,n/a,n/a,93.18254089,95.09078979,n/a,n/a,98.64874268,98.65077209,n/a,96.71166229,96.07853699,97.03784943,95.92057037,n/a,n/a,94.83860016,95.005867,95.27629852,94.32256317,95.24848175,94.53717041,94.85913849,95.3811264,95.97825623,96.13057709,94.7008667,93.37425995,92.44255066,92.79302979,92.80850983,93.23049927,93.89730072,95.07324982,n/a,n/a
"School enrollment, primary (% net)",SE.PRM.NENR,Uruguay,URY,n/a,n/a,n/a,n/a,n/a,n/a,n/a,n/a,n/a,n/a,n/a,n/a,n/a,n/a,86.54428864,86.77352905,88.25395203,88.64868927,87.80394745,n/a,n/a,n/a,92.00000763,93.96114349,94.65699005,93.03484344,92.54347229,92.04797363,92.19711304,n/a,n/a,n/a,n/a,n/a,n/a,n/a,97.35102844,99.72325134,97.84190369,98.93073273,99.11860657,99.53833008,n/a,n/a,99.20471954,94.21768188,97.23867798,98.03884888,n/a,n/a
"School enrollment, primary (% net)",SE.PRM.NENR,Uzbekistan,UZB,n/a,n/a,n/a,n/a,n/a,n/a,n/a,n/a,n/a,n/a,n/a,n/a,n/a,n/a,n/a,n/a,n/a,n/a,n/a,n/a,n/a,n/a,n/a,n/a,n/a,n/a,n/a,n/a,n/a,n/a,n/a,n/a,n/a,n/a,n/a,n/a,n/a,n/a,89.82685852,88.42073059,87.95361328,88.90952301,89.43080902,91.19011688,92.53144836,93.720047,94.40953064,95.06411743,96.22541046,n/a
"School enrollment, primary (% net)",SE.PRM.NENR,Vanuatu,VUT,n/a,n/a,n/a,n/a,n/a,n/a,n/a,n/a,n/a,n/a,n/a,n/a,85.0994873,n/a,n/a,n/a,n/a,n/a,n/a,n/a,75.1276474,n/a,n/a,n/a,n/a,n/a,n/a,n/a,n/a,98.05795288,97.23710632,98.58442688,98.82956696,98.40740967,98.52050781,96.4061203,98.91718292,n/a,n/a,n/a,n/a,n/a,n/a,n/a,n/a,n/a,85.81598663,n/a,n/a,n/a
"School enrollment, primary (% net)",SE.PRM.NENR,"Venezuela, RB",VEN,n/a,n/a,72.37773895,71.90630341,71.18592072,69.78323364,70.65112305,73.79483795,75.75411987,77.99655151,79.70381165,n/a,n/a,n/a,n/a,n/a,n/a,n/a,n/a,n/a,n/a,n/a,n/a,n/a,n/a,n/a,n/a,n/a,n/a,n/a,83.58383942,85.76387787,88.27899933,91.27837372,89.97727203,90.20992279,89.34266663,89.53716278,90.75907135,88.82090759,90.77587891,91.25747681,91.56217194,91.53881073,90.8003006,90.34333801,89.47714233,86.68775177,83.99456787,n/a
"School enrollment, primary (% net)",SE.PRM.NENR,Vietnam,VNM,n/a,n/a,n/a,n/a,n/a,n/a,n/a,n/a,97.33708191,90.50131226,n/a,n/a,93.84892273,n/a,n/a,n/a,91.145401,n/a,n/a,n/a,n/a,n/a,n/a,n/a,n/a,n/a,n/a,n/a,n/a,98.97412872,98.20654297,97.23602295,95.53027344,92.9048996,n/a,n/a,90.07557678,91.16491699,n/a,96.77799988,97.9510498,98.01474762,99.32473755,98.05641174,97.96511078,n/a,n/a,n/a,n/a,n/a
"School enrollment, primary (% net)",SE.PRM.NENR,West Bank and Gaza,PSE,n/a,n/a,n/a,n/a,n/a,n/a,n/a,n/a,n/a,n/a,n/a,n/a,n/a,n/a,n/a,n/a,n/a,n/a,n/a,n/a,n/a,n/a,n/a,n/a,n/a,n/a,n/a,n/a,n/a,n/a,88.37355042,88.11489868,85.48831177,85.31134033,84.44898224,82.17498779,79.69168854,80.19262695,79.5504303,83.66435242,85.29634094,86.70037842,87.17446136,90.60085297,90.60431671,91.08496857,90.23963928,90.4450531,91.73011017,n/a
"School enrollment, primary (% net)",SE.PRM.NENR,"Yemen, Rep.",YEM,n/a,n/a,n/a,n/a,n/a,n/a,n/a,n/a,n/a,n/a,n/a,n/a,n/a,n/a,n/a,n/a,n/a,n/a,n/a,n/a,n/a,n/a,n/a,n/a,n/a,n/a,n/a,n/a,n/a,n/a,55.55039978,n/a,64.02104187,n/a,70.20818329,73.13996124,75.51522064,n/a,n/a,75.62908173,n/a,80.44122314,n/a,83.73036194,84.48845673,n/a,n/a,83.08869171,n/a,n/a
"School enrollment, primary (% net)",SE.PRM.NENR,Zambia,ZMB,n/a,n/a,n/a,78.36707306,n/a,n/a,n/a,80.43702698,80.30314636,79.11997986,78.59462738,78.59810638,78.6205368,78.48930359,80.07158661,81.18636322,n/a,82.50486755,n/a,80.43271637,n/a,n/a,n/a,n/a,n/a,73.4076767,71.51112366,n/a,n/a,68.3465271,66.51104736,65.97207642,65.63596344,67.5284729,n/a,80.18755341,88.00200653,87.26496124,88.34068298,90.06242371,85.49227905,83.38923645,86.80856323,88.46234894,86.29197693,n/a,n/a,n/a,84.06455994,n/a
"School enrollment, primary (% net)",SE.PRM.NENR,Zimbabwe,ZWE,n/a,n/a,n/a,n/a,n/a,n/a,n/a,n/a,n/a,n/a,n/a,n/a,n/a,97.62700653,n/a,98.88886261,n/a,98.34316254,n/a,n/a,n/a,n/a,n/a,n/a,n/a,n/a,n/a,n/a,n/a,84.09731293,85.61483765,86.30561829,88.30666351,84.82688141,83.43972015,n/a,n/a,n/a,n/a,n/a,n/a,n/a,n/a,87.6746521,84.79389954,n/a,n/a,n/a,n/a,n/a
